method,target_prune_rate,base_accuracy,pruned_accuracy,parameter_reduction_pct,mac_reduction_pct,params_before,params_after,macs_before,macs_after,pruning_time_sec,layer_names,layer_sensitivities,layer_pruning_rates,retained_channels,status,seed,dataset,architecture,baseline_training_accuracy,final_accuracy,accuracy_change,recovery_efficiency_eta,baseline_latency_ms,pruned_latency_ms,speedup,error
Uniform-Magnitude,0.1,82.86,80.55,9.059212989129238,8.129137878583547,272474,247790,40813184,37495424,2.5756070613861084,"[""block1.conv1"", ""block2.conv1"", ""block3.conv1"", ""block4.conv1"", ""block5.conv1"", ""block6.conv1"", ""block7.conv1"", ""block8.conv1"", ""block9.conv1""]","[NaN, NaN, NaN, NaN, NaN, NaN, NaN, NaN, NaN]","{""block1.conv1"": 0.1, ""block2.conv1"": 0.1, ""block3.conv1"": 0.1, ""block4.conv1"": 0.1, ""block5.conv1"": 0.1, ""block6.conv1"": 0.1, ""block7.conv1"": 0.1, ""block8.conv1"": 0.1, ""block9.conv1"": 0.1}","[15, 15, 15, 29, 29, 29, 58, 58, 58]",ok,42,CIFAR10,ResNet20,82.86,86.76,3.9000000000000057,68.54900097228983,3.1341024998710054,2.6680920000217156,1.1746605813613238,
Uniform-Magnitude,0.2,82.86,63.91,18.437722498293414,18.42604585812271,272474,222236,40813184,33292928,2.3106446266174316,"[""block1.conv1"", ""block2.conv1"", ""block3.conv1"", ""block4.conv1"", ""block5.conv1"", ""block6.conv1"", ""block7.conv1"", ""block8.conv1"", ""block9.conv1""]","[NaN, NaN, NaN, NaN, NaN, NaN, NaN, NaN, NaN]","{""block1.conv1"": 0.2, ""block2.conv1"": 0.2, ""block3.conv1"": 0.2, ""block4.conv1"": 0.2, ""block5.conv1"": 0.2, ""block6.conv1"": 0.2, ""block7.conv1"": 0.2, ""block8.conv1"": 0.2, ""block9.conv1"": 0.2}","[13, 13, 13, 26, 26, 26, 52, 52, 52]",ok,42,CIFAR10,ResNet20,82.86,86.06,3.200000000000003,120.13414347704926,3.1341024998710054,3.250109499958853,0.9643067410223205,
Uniform-Magnitude,0.3,82.86,33.37,28.661817274308742,27.051964384841916,272474,194378,40813184,29772416,2.462636947631836,"[""block1.conv1"", ""block2.conv1"", ""block3.conv1"", ""block4.conv1"", ""block5.conv1"", ""block6.conv1"", ""block7.conv1"", ""block8.conv1"", ""block9.conv1""]","[NaN, NaN, NaN, NaN, NaN, NaN, NaN, NaN, NaN]","{""block1.conv1"": 0.3, ""block2.conv1"": 0.3, ""block3.conv1"": 0.3, ""block4.conv1"": 0.3, ""block5.conv1"": 0.3, ""block6.conv1"": 0.3, ""block7.conv1"": 0.3, ""block8.conv1"": 0.3, ""block9.conv1"": 0.3}","[12, 12, 12, 23, 23, 23, 45, 45, 45]",ok,42,CIFAR10,ResNet20,82.86,85.82,2.9599999999999937,182.99607278221674,3.1341024998710054,2.688699000145789,1.1656576283552251,
Uniform-Magnitude,0.4,82.86,21.99,38.04032678347292,37.34887236438108,272474,168824,40813184,25569920,2.2401630878448486,"[""block1.conv1"", ""block2.conv1"", ""block3.conv1"", ""block4.conv1"", ""block5.conv1"", ""block6.conv1"", ""block7.conv1"", ""block8.conv1"", ""block9.conv1""]","[NaN, NaN, NaN, NaN, NaN, NaN, NaN, NaN, NaN]","{""block1.conv1"": 0.4, ""block2.conv1"": 0.4, ""block3.conv1"": 0.4, ""block4.conv1"": 0.4, ""block5.conv1"": 0.4, ""block6.conv1"": 0.4, ""block7.conv1"": 0.4, ""block8.conv1"": 0.4, ""block9.conv1"": 0.4}","[10, 10, 10, 20, 20, 20, 39, 39, 39]",ok,42,CIFAR10,ResNet20,82.86,85.32,2.4599999999999937,166.48121968162081,3.1341024998710054,2.568189499925211,1.2203548452955963,
Uniform-Magnitude,0.5,82.86,22.07,49.16725999544911,49.13612228832722,272474,138506,40813184,20759168,2.3496978282928467,"[""block1.conv1"", ""block2.conv1"", ""block3.conv1"", ""block4.conv1"", ""block5.conv1"", ""block6.conv1"", ""block7.conv1"", ""block8.conv1"", ""block9.conv1""]","[NaN, NaN, NaN, NaN, NaN, NaN, NaN, NaN, NaN]","{""block1.conv1"": 0.5, ""block2.conv1"": 0.5, ""block3.conv1"": 0.5, ""block4.conv1"": 0.5, ""block5.conv1"": 0.5, ""block6.conv1"": 0.5, ""block7.conv1"": 0.5, ""block8.conv1"": 0.5, ""block9.conv1"": 0.5}","[8, 8, 8, 16, 16, 16, 32, 32, 32]",ok,42,CIFAR10,ResNet20,82.86,85.13,2.269999999999996,128.25607936223577,3.1341024998710054,2.486889000010706,1.2602502563876046,
Adaptive-Magnitude,0.1,82.86,80.62,8.899931736606062,7.858166615964096,272474,248224,40813184,37606016,4.602118253707886,"[""block1.conv1"", ""block2.conv1"", ""block3.conv1"", ""block4.conv1"", ""block5.conv1"", ""block6.conv1"", ""block7.conv1"", ""block8.conv1"", ""block9.conv1""]","[0.07475723698735237, 0.029921071603894234, 0.02235429361462593, 0.02128666949768861, 0.018613121161858242, 0.012598442534605661, 0.014132251342137655, 0.01571720962723096, 0.0028299609354386726]","{""block1.conv1"": 0.07534046348382849, ""block2.conv1"": 0.09013018956353294, ""block3.conv1"": 0.09262617852267134, ""block4.conv1"": 0.09297834664656301, ""block5.conv1"": 0.09386024738918025, ""block6.conv1"": 0.09584425847919505, ""block7.conv1"": 0.09533831396034452, ""block8.conv1"": 0.09481549719660459, ""block9.conv1"": 0.09906650475807988}","[15, 15, 15, 30, 29, 29, 58, 58, 58]",ok,42,CIFAR10,ResNet20,82.86,86.33,3.469999999999999,64.15779546391745,3.1341024998710054,2.7865195002050314,1.1247373290014295,
Adaptive-Magnitude,0.2,82.86,67.17,17.9591447257353,15.987304494547644,272474,223540,40813184,34288256,3.9351892471313477,"[""block1.conv1"", ""block2.conv1"", ""block3.conv1"", ""block4.conv1"", ""block5.conv1"", ""block6.conv1"", ""block7.conv1"", ""block8.conv1"", ""block9.conv1""]","[0.0801216425995032, 0.02706826974948247, 0.02059295028448105, 0.022792239983876545, 0.014207714858154455, 0.011320641885201136, 0.015769598074257374, 0.01649453118443489, 0.002445952811588844]","{""block1.conv1"": 0.14679170091356353, ""block2.conv1"": 0.1820241254940056, ""block3.conv1"": 0.18632434605358955, ""block4.conv1"": 0.18486381104324168, ""block5.conv1"": 0.19056474234700504, ""block6.conv1"": 0.19248203007657813, ""block7.conv1"": 0.18952750513363562, ""block8.conv1"": 0.1890460814322171, ""block9.conv1"": 0.19837565750616382}","[14, 14, 14, 27, 26, 26, 52, 52, 52]",ok,42,CIFAR10,ResNet20,82.86,86.31,3.450000000000003,106.57523112764132,3.1341024998710054,2.6909244998023496,1.1646935839713108,
Adaptive-Magnitude,0.3,82.86,36.15,27.654748709968658,25.742269948847902,272474,197122,40813184,30306944,4.263123273849487,"[""block1.conv1"", ""block2.conv1"", ""block3.conv1"", ""block4.conv1"", ""block5.conv1"", ""block6.conv1"", ""block7.conv1"", ""block8.conv1"", ""block9.conv1""]","[0.08111302306254704, 0.036947945753733315, 0.024921778589487076, 0.02290508182098468, 0.013859470064441362, 0.01195218941817681, 0.016072817767659824, 0.013822066287199656, 0.0024040406569838524]","{""block1.conv1"": 0.22395600226371196, ""block2.conv1"": 0.2653610555102745, ""block3.conv1"": 0.2766356670841641, ""block4.conv1"": 0.2785263336961151, ""block5.conv1"": 0.2870066547834885, ""block6.conv1"": 0.28879474305428526, ""block7.conv1"": 0.28493162661441906, ""block8.conv1"": 0.28704172107302506, ""block9.conv1"": 0.29774619592051627}","[13, 12, 12, 24, 23, 23, 46, 46, 45]",ok,42,CIFAR10,ResNet20,82.86,86.08,3.219999999999999,180.54765394415543,3.1341024998710054,3.3920739999757643,0.9239487404736447,
Adaptive-Magnitude,0.4,82.86,24.53,36.82039387244288,34.593997861083324,272474,172148,40813184,26694272,4.166548490524292,"[""block1.conv1"", ""block2.conv1"", ""block3.conv1"", ""block4.conv1"", ""block5.conv1"", ""block6.conv1"", ""block7.conv1"", ""block8.conv1"", ""block9.conv1""]","[0.08541205028692882, 0.03418634148935477, 0.018997404724359512, 0.023175735647479694, 0.018131356065471966, 0.011860370635986328, 0.013365809805691242, 0.016340874135494232, 0.0028441008956482015]","{""block1.conv1"": 0.29338441014521077, ""block2.conv1"": 0.35732690000274353, ""block3.conv1"": 0.37628648997894726, ""block4.conv1"": 0.3710708884978862, ""block5.conv1"": 0.3773675351979774, ""block6.conv1"": 0.38519529261966895, ""block7.conv1"": 0.38331612820985317, ""block8.conv1"": 0.37960250422691, ""block9.conv1"": 0.39644985112080294}","[12, 11, 10, 21, 20, 20, 40, 40, 39]",ok,42,CIFAR10,ResNet20,82.86,85.22,2.3599999999999994,164.82713414269477,3.1341024998710054,2.4706889998924453,1.2685135603904174,
Adaptive-Magnitude,0.5,82.86,25.93,46.092471208262076,44.16831580697061,272474,146884,40813184,22786688,3.983438491821289,"[""block1.conv1"", ""block2.conv1"", ""block3.conv1"", ""block4.conv1"", ""block5.conv1"", ""block6.conv1"", ""block7.conv1"", ""block8.conv1"", ""block9.conv1""]","[0.07810576135913531, 0.03162121772766113, 0.02262705999116103, 0.022169098258018494, 0.017682166149218876, 0.011331072077155113, 0.016787794108192127, 0.017105482518672943, 0.00230346053528289]","{""block1.conv1"": 0.3755899093370939, ""block2.conv1"": 0.4496324151264458, ""block3.conv1"": 0.46395868197236245, ""block4.conv1"": 0.46468814238282347, ""block5.conv1"": 0.47183511362720243, ""block6.conv1"": 0.4819513992323191, ""block7.conv1"": 0.4732597064456359, ""block8.conv1"": 0.4727536791915293, ""block9.conv1"": 0.49633095268458766}","[10, 9, 9, 18, 17, 17, 34, 34, 33]",ok,42,CIFAR10,ResNet20,82.86,85.56,2.700000000000003,129.3703688191735,3.1341024998710054,2.640391499880934,1.1869840135496326,
Adaptive-Correlation,0.1,82.86,71.94,8.899931736606062,7.858166615964096,272474,248224,40813184,37606016,5.407942295074463,"[""block1.conv1"", ""block2.conv1"", ""block3.conv1"", ""block4.conv1"", ""block5.conv1"", ""block6.conv1"", ""block7.conv1"", ""block8.conv1"", ""block9.conv1""]","[0.08535355081160863, 0.03451255025962988, 0.021684934695561726, 0.022844261179367702, 0.016141048011680443, 0.01215018176784118, 0.012752383947372437, 0.01770300790667534, 0.0027074044725547233]","{""block1.conv1"": 0.07354542189427224, ""block2.conv1"": 0.08930314031707445, ""block3.conv1"": 0.09327894629846704, ""block4.conv1"": 0.09291962330927381, ""block5.conv1"": 0.09499722493940783, ""block6.conv1"": 0.09623415863171768, ""block7.conv1"": 0.09604751139276435, ""block8.conv1"": 0.09451310928578541, ""block9.conv1"": 0.09916086393123724}","[15, 15, 15, 30, 29, 29, 58, 58, 58]",ok,42,CIFAR10,ResNet20,82.86,86.5,3.6400000000000006,163.59676041237114,3.1341024998710054,2.305857000010292,1.3591920487077112,
Adaptive-Correlation,0.2,82.86,40.47,17.9591447257353,15.987304494547644,272474,223540,40813184,34288256,5.28306245803833,"[""block1.conv1"", ""block2.conv1"", ""block3.conv1"", ""block4.conv1"", ""block5.conv1"", ""block6.conv1"", ""block7.conv1"", ""block8.conv1"", ""block9.conv1""]","[0.0743182102839152, 0.04185719912250837, 0.021892401079336803, 0.02441632996002833, 0.017498070374131203, 0.012401517170170942, 0.016126434939603012, 0.0181452464312315, 0.0024314516922459006]","{""block1.conv1"": 0.1545825134103469, ""block2.conv1"": 0.17442014854011617, ""block3.conv1"": 0.18662107404581454, ""block4.conv1"": 0.1850786458084535, ""block5.conv1"": 0.18930654581796474, ""block6.conv1"": 0.1924211611445453, ""block7.conv1"": 0.190144782284042, ""block8.conv1"": 0.18891104235007702, ""block9.conv1"": 0.1985140865986399}","[14, 14, 14, 27, 26, 26, 52, 52, 52]",ok,42,CIFAR10,ResNet20,82.86,86.33,3.469999999999999,255.3573719704091,3.1341024998710054,2.739370999734092,1.1440956702013818,
Adaptive-Correlation,0.3,82.86,35.25,27.654748709968658,25.742269948847902,272474,197122,40813184,30306944,5.334322452545166,"[""block1.conv1"", ""block2.conv1"", ""block3.conv1"", ""block4.conv1"", ""block5.conv1"", ""block6.conv1"", ""block7.conv1"", ""block8.conv1"", ""block9.conv1""]","[0.08488791560133298, 0.034460633993148804, 0.02454068884253502, 0.02242761788268884, 0.019764851157863934, 0.012387976360817751, 0.015864259252945583, 0.018732833055158455, 0.0023772104177623987]","{""block1.conv1"": 0.22428576097264222, ""block2.conv1"": 0.2692634615809722, ""block3.conv1"": 0.2781113770109991, ""block4.conv1"": 0.2799960923865884, ""block5.conv1"": 0.2823710989449344, ""block6.conv1"": 0.2889507688272948, ""block7.conv1"": 0.28585016125604296, ""block8.conv1"": 0.28329158880212174, ""block9.conv1"": 0.29787969021840416}","[13, 12, 12, 24, 23, 23, 46, 46, 45]",ok,42,CIFAR10,ResNet20,82.86,85.95,3.0900000000000034,183.33198587960507,3.1341024998710054,2.7560529997572303,1.1371706205022458,
Adaptive-Correlation,0.4,82.86,17.61,36.713961699097894,33.87140782743145,272474,172438,40813184,26989184,5.436292886734009,"[""block1.conv1"", ""block2.conv1"", ""block3.conv1"", ""block4.conv1"", ""block5.conv1"", ""block6.conv1"", ""block7.conv1"", ""block8.conv1"", ""block9.conv1""]","[0.08582206070423126, 0.028857673828800518, 0.02474282185236613, 0.020789968470732372, 0.015738498109082382, 0.012064089377721151, 0.015668150037527084, 0.018128521119554836, 0.0023889276199042797]","{""block1.conv1"": 0.29281846218439717, ""block2.conv1"": 0.36396020051987144, ""block3.conv1"": 0.3690991608186431, ""block4.conv1"": 0.3740358041563417, ""block5.conv1"": 0.3803444893259684, ""block6.conv1"": 0.38493338844070335, ""block7.conv1"": 0.38043234569331486, ""block8.conv1"": 0.3773596350871505, ""block9.conv1"": 0.3970165137736097}","[12, 11, 11, 21, 20, 20, 40, 40, 39]",ok,42,CIFAR10,ResNet20,82.86,85.21,2.3499999999999943,184.12613859010756,3.1341024998710054,2.5054089996956463,1.2509344782635219,
Adaptive-Correlation,0.5,82.86,14.22,46.092471208262076,44.16831580697061,272474,146884,40813184,22786688,5.433040142059326,"[""block1.conv1"", ""block2.conv1"", ""block3.conv1"", ""block4.conv1"", ""block5.conv1"", ""block6.conv1"", ""block7.conv1"", ""block8.conv1"", ""block9.conv1""]","[0.0750248742600282, 0.030872920528054237, 0.021989763403932255, 0.022631370772918064, 0.01841045233110587, 0.01240848625699679, 0.017299669484297436, 0.014935363704959551, 0.002603465768819054]","{""block1.conv1"": 0.37853109747933444, ""block2.conv1"": 0.45001524746108834, ""block3.conv1"": 0.46439750877679453, ""block4.conv1"": 0.4633587153935526, ""block5.conv1"": 0.4701925866370973, ""block6.conv1"": 0.47991006019741916, ""block7.conv1"": 0.47199099782633785, ""block8.conv1"": 0.47581892331201175, ""block9.conv1"": 0.49578486291636403}","[10, 9, 9, 18, 17, 17, 34, 34, 33]",ok,42,CIFAR10,ResNet20,82.86,84.57,1.7099999999999937,152.62796321363163,3.1341024998710054,2.653595500305528,1.1810777111696764,
E-HRAP,0.1,82.86,76.14,9.059212989129238,8.129137878583547,272474,247790,40813184,37495424,5.403653383255005,"[""block1.conv1"", ""block2.conv1"", ""block3.conv1"", ""block4.conv1"", ""block5.conv1"", ""block6.conv1"", ""block7.conv1"", ""block8.conv1"", ""block9.conv1""]","[0.09547487149635951, 0.03326593587795893, 0.02120079721013705, 0.020420488590995472, 0.017226556936899822, 0.013685738978286585, 0.014747467512885729, 0.012840331842501959, 0.002471403762077292]","{""block1.conv1"": 0.07110994153095987, ""block2.conv1"": 0.08993394997574605, ""block3.conv1"": 0.09358478035747368, ""block4.conv1"": 0.09382089653419727, ""block5.conv1"": 0.09478735892149108, ""block6.conv1"": 0.09585878678779058, ""block7.conv1"": 0.09553751482416205, ""block8.conv1"": 0.09611460134087843, ""block9.conv1"": 0.09925216972730107}","[15, 15, 15, 29, 29, 29, 58, 58, 58]",ok,42,CIFAR10,ResNet20,82.86,86.03,3.1700000000000017,109.17063117809107,3.1341024998710054,2.7154450003763486,1.154176387088169,
E-HRAP,0.2,82.86,57.77,17.9591447257353,15.987304494547644,272474,223540,40813184,34288256,5.4384026527404785,"[""block1.conv1"", ""block2.conv1"", ""block3.conv1"", ""block4.conv1"", ""block5.conv1"", ""block6.conv1"", ""block7.conv1"", ""block8.conv1"", ""block9.conv1""]","[0.08220873773097992, 0.0330132662008206, 0.02037353254854679, 0.019667572962741058, 0.014647460542619228, 0.010325498568514982, 0.015953009327252705, 0.018467623740434647, 0.002600576728582382]","{""block1.conv1"": 0.14702491272228022, ""block2.conv1"": 0.17872634093915774, ""block3.conv1"": 0.18687135096944804, ""block4.conv1"": 0.18732626940883565, ""block5.conv1"": 0.19056121621546565, ""block6.conv1"": 0.19334627677117444, ""block7.conv1"": 0.189719924125109, ""block8.conv1"": 0.18809951342808495, ""block9.conv1"": 0.19832419542044444}","[14, 14, 14, 27, 26, 26, 52, 52, 52]",ok,42,CIFAR10,ResNet20,82.86,86.34,3.480000000000004,159.0832995463277,3.1341024998710054,2.6064710000355262,1.2024313717007737,
E-HRAP,0.3,82.86,37.23,27.654748709968658,25.742269948847902,272474,197122,40813184,30306944,5.623482942581177,"[""block1.conv1"", ""block2.conv1"", ""block3.conv1"", ""block4.conv1"", ""block5.conv1"", ""block6.conv1"", ""block7.conv1"", ""block8.conv1"", ""block9.conv1""]","[0.09914901107549667, 0.0315186313043038, 0.017805672871569794, 0.021372684588034947, 0.018597346730530262, 0.012125060272713503, 0.014029825727144877, 0.015826404715577762, 0.0026525337792312107]","{""block1.conv1"": 0.21066781774143298, ""block2.conv1"": 0.27160205547514044, ""block3.conv1"": 0.2839572821055338, ""block4.conv1"": 0.2807434432853859, ""block5.conv1"": 0.28324399255588667, ""block6.conv1"": 0.2890754523678165, ""block7.conv1"": 0.2873592793784004, ""block8.conv1"": 0.28574058121998513, ""block9.conv1"": 0.29761009587041815}","[13, 12, 12, 24, 23, 23, 46, 46, 45]",ok,42,CIFAR10,ResNet20,82.86,86.45,3.5900000000000034,177.98028293874086,3.1341024998710054,2.707004499825416,1.1577751348670215,
E-HRAP,0.4,82.86,23.95,36.82039387244288,34.593997861083324,272474,172148,40813184,26694272,5.335665225982666,"[""block1.conv1"", ""block2.conv1"", ""block3.conv1"", ""block4.conv1"", ""block5.conv1"", ""block6.conv1"", ""block7.conv1"", ""block8.conv1"", ""block9.conv1""]","[0.09233974665403366, 0.031916266307234764, 0.01772798566768567, 0.023398758222659428, 0.01705077849328518, 0.012673287031551203, 0.015413802737991015, 0.01595060930897792, 0.0021655522286891937]","{""block1.conv1"": 0.28691614572736984, ""block2.conv1"": 0.3609137501585713, ""block3.conv1"": 0.37828942551355516, ""block4.conv1"": 0.37134471491539295, ""block5.conv1"": 0.3791187671589163, ""block6.conv1"": 0.3844796612968773, ""block7.conv1"": 0.3811234892257104, ""block8.conv1"": 0.38046608915428165, ""block9.conv1"": 0.39734795684932545}","[12, 11, 10, 21, 20, 20, 40, 40, 39]",ok,42,CIFAR10,ResNet20,82.86,85.77,2.9099999999999966,167.89608556107086,3.1341024998710054,2.57161250056015,1.2187304654913342,
E-HRAP,0.5,82.86,14.39,45.98603903491709,43.44572577331874,272474,147174,40813184,23081600,5.312512159347534,"[""block1.conv1"", ""block2.conv1"", ""block3.conv1"", ""block4.conv1"", ""block5.conv1"", ""block6.conv1"", ""block7.conv1"", ""block8.conv1"", ""block9.conv1""]","[0.07918195426464081, 0.03763599321246147, 0.021653880054752033, 0.021738913531104725, 0.013723259481290976, 0.012295336772998175, 0.015923066064715385, 0.013873361982405186, 0.0025053388283898434]","{""block1.conv1"": 0.37318197061696534, ""block2.conv1"": 0.4397220927747547, ""block3.conv1"": 0.46531908788380916, ""block4.conv1"": 0.4651828980410251, ""block5.conv1"": 0.47802079097072075, ""block6.conv1"": 0.48030775579318213, ""block7.conv1"": 0.47449757487275324, ""block8.conv1"": 0.4777803864041304, ""block9.conv1"": 0.49598744264265926}","[11, 9, 9, 18, 17, 17, 34, 34, 33]",ok,42,CIFAR10,ResNet20,82.86,84.87,2.010000000000005,153.26390678371908,3.1341024998710054,2.663905499957764,1.176506636560755,
Uniform-Magnitude,0.1,83.86,82.11,18.841534391477058,18.492140998582336,9228362,7489597,152769536,124519178,2.275402307510376,"[""features.conv1"", ""features.conv2"", ""features.conv3"", ""features.conv4"", ""features.conv5"", ""features.conv6"", ""features.conv7"", ""features.conv8""]","[NaN, NaN, NaN, NaN, NaN, NaN, NaN, NaN]","{""features.conv1"": 0.1, ""features.conv2"": 0.1, ""features.conv3"": 0.1, ""features.conv4"": 0.1, ""features.conv5"": 0.1, ""features.conv6"": 0.1, ""features.conv7"": 0.1, ""features.conv8"": 0.1}","[58, 116, 231, 231, 461, 461, 461, 461]",ok,42,CIFAR10,VGG11BN,83.86,88.54,4.680000000000007,34.12673228412124,1.3051269997959025,1.3772510001217597,0.9476319129051416,
Uniform-Magnitude,0.2,83.86,76.26,35.83327138662311,35.4822547867135,9228362,5921538,152769536,98563460,2.1976523399353027,"[""features.conv1"", ""features.conv2"", ""features.conv3"", ""features.conv4"", ""features.conv5"", ""features.conv6"", ""features.conv7"", ""features.conv8""]","[NaN, NaN, NaN, NaN, NaN, NaN, NaN, NaN]","{""features.conv1"": 0.2, ""features.conv2"": 0.2, ""features.conv3"": 0.2, ""features.conv4"": 0.2, ""features.conv5"": 0.2, ""features.conv6"": 0.2, ""features.conv7"": 0.2, ""features.conv8"": 0.2}","[52, 103, 205, 205, 410, 410, 410, 410]",ok,42,CIFAR10,VGG11BN,83.86,88.3,4.439999999999998,33.60005808594589,1.3051269997959025,1.439366500108008,0.906737095588905,
Uniform-Magnitude,0.3,83.86,66.53,50.76164112331094,50.437680192993454,9228362,4543894,152769536,75716126,2.3111281394958496,"[""features.conv1"", ""features.conv2"", ""features.conv3"", ""features.conv4"", ""features.conv5"", ""features.conv6"", ""features.conv7"", ""features.conv8""]","[NaN, NaN, NaN, NaN, NaN, NaN, NaN, NaN]","{""features.conv1"": 0.3, ""features.conv2"": 0.3, ""features.conv3"": 0.3, ""features.conv4"": 0.3, ""features.conv5"": 0.3, ""features.conv6"": 0.3, ""features.conv7"": 0.3, ""features.conv8"": 0.3}","[45, 90, 180, 180, 359, 359, 359, 359]",ok,42,CIFAR10,VGG11BN,83.86,88.16,4.299999999999997,42.610915489229505,1.3051269997959025,1.146621500083711,1.1382369855271506,
Uniform-Magnitude,0.4,83.86,48.85,63.776193434977955,63.46672153275375,9228362,3342864,152769536,55811720,2.2336409091949463,"[""features.conv1"", ""features.conv2"", ""features.conv3"", ""features.conv4"", ""features.conv5"", ""features.conv6"", ""features.conv7"", ""features.conv8""]","[NaN, NaN, NaN, NaN, NaN, NaN, NaN, NaN]","{""features.conv1"": 0.4, ""features.conv2"": 0.4, ""features.conv3"": 0.4, ""features.conv4"": 0.4, ""features.conv5"": 0.4, ""features.conv6"": 0.4, ""features.conv7"": 0.4, ""features.conv8"": 0.4}","[39, 77, 154, 154, 308, 308, 308, 308]",ok,42,CIFAR10,VGG11BN,83.86,87.54,3.680000000000007,60.66527008929407,1.3051269997959025,1.2402795000525657,1.0522845856442749,
Uniform-Magnitude,0.5,83.86,27.5,74.96645666912502,74.7095965520246,9228362,2310186,152769536,38636032,2.096961259841919,"[""features.conv1"", ""features.conv2"", ""features.conv3"", ""features.conv4"", ""features.conv5"", ""features.conv6"", ""features.conv7"", ""features.conv8""]","[NaN, NaN, NaN, NaN, NaN, NaN, NaN, NaN]","{""features.conv1"": 0.5, ""features.conv2"": 0.5, ""features.conv3"": 0.5, ""features.conv4"": 0.5, ""features.conv5"": 0.5, ""features.conv6"": 0.5, ""features.conv7"": 0.5, ""features.conv8"": 0.5}","[32, 64, 128, 128, 256, 256, 256, 256]",ok,42,CIFAR10,VGG11BN,83.86,87.57,3.7099999999999937,80.12917065712118,1.3051269997959025,1.2533019998954842,1.0413507677357414,
Adaptive-Magnitude,0.1,83.86,82.14,18.316013177636506,17.25398707763307,9228362,7538094,152769536,126410700,3.796027421951294,"[""features.conv1"", ""features.conv2"", ""features.conv3"", ""features.conv4"", ""features.conv5"", ""features.conv6"", ""features.conv7"", ""features.conv8""]","[0.24343197544415793, 0.038838716223835945, 0.03006771393120289, 0.029103680203358333, 0.015354419747988382, 0.01027272284651796, 0.006855379945288102, 0.009142984015246233]","{""features.conv1"": 0.05551636676906906, ""features.conv2"": 0.09290279264049416, ""features.conv3"": 0.09450556503036306, ""features.conv4"": 0.09468172809478154, ""features.conv5"": 0.09719420435504801, ""features.conv6"": 0.09812281014211982, ""features.conv7"": 0.09874727957743239, ""features.conv8"": 0.09832925339069198}","[61, 117, 232, 232, 463, 462, 462, 462]",ok,42,CIFAR10,VGG11BN,83.86,87.9,4.040000000000006,31.447891766276147,1.3051269997959025,1.3511315000869217,0.9659511303762368,
Adaptive-Magnitude,0.2,83.86,78.86,35.03252256467616,33.32388467815992,9228362,5995434,152769536,101860792,3.6778197288513184,"[""features.conv1"", ""features.conv2"", ""features.conv3"", ""features.conv4"", ""features.conv5"", ""features.conv6"", ""features.conv7"", ""features.conv8""]","[0.2517756124337514, 0.030207908401886623, 0.029388147095839184, 0.029525683571894962, 0.012092047681411108, 0.009572542272508144, 0.006695859134197235, 0.009561596438288689]","{""features.conv1"": 0.10695147604082572, ""features.conv2"": 0.18883608598339094, ""features.conv3"": 0.18913904455348132, ""features.conv4"": 0.18908821530133957, ""features.conv5"": 0.1955311510216451, ""features.conv6"": 0.19646228274301963, ""features.conv7"": 0.19752541636954793, ""features.conv8"": 0.19646632798674987}","[58, 104, 208, 208, 412, 412, 411, 412]",ok,42,CIFAR10,VGG11BN,83.86,87.93,4.070000000000007,25.890228096635642,1.3051269997959025,1.243107499249163,1.04989069777489,
Adaptive-Magnitude,0.3,83.86,70.05,49.64612354825266,47.539224050533214,9228362,4646838,152769536,80144084,4.063223838806152,"[""features.conv1"", ""features.conv2"", ""features.conv3"", ""features.conv4"", ""features.conv5"", ""features.conv6"", ""features.conv7"", ""features.conv8""]","[0.24058752258618674, 0.032894586523373924, 0.028421929106116295, 0.027117076019446056, 0.013642361077169577, 0.01073272122691075, 0.00759295638029774, 0.010102111380547285]","{""features.conv1"": 0.1638518752566264, ""features.conv2"": 0.2813850019268491, ""features.conv3"": 0.28391607217285914, ""features.conv4"": 0.2846544866130848, ""features.conv5"": 0.29227980795611186, ""features.conv6"": 0.2939263688626503, ""features.conv7"": 0.29570315716574436, ""features.conv8"": 0.294283230046074}","[54, 92, 184, 184, 363, 362, 361, 362]",ok,42,CIFAR10,VGG11BN,83.86,88.27,4.409999999999997,36.69974350019775,1.3051269997959025,1.287817500269739,1.0134409569077436,
Adaptive-Magnitude,0.4,83.86,58.6,62.28332828729519,59.82933403685929,9228362,3480631,152769536,61368540,3.809325695037842,"[""features.conv1"", ""features.conv2"", ""features.conv3"", ""features.conv4"", ""features.conv5"", ""features.conv6"", ""features.conv7"", ""features.conv8""]","[0.20153730114301047, 0.041458423559864364, 0.023475339636206627, 0.03602921466032664, 0.013497771074374517, 0.013210509903728962, 0.007287238569309314, 0.009673653480907282]","{""features.conv1"": 0.23698606566958758, ""features.conv2"": 0.3664662536547789, ""features.conv3"": 0.381011914657301, ""features.conv4"": 0.37085768242749684, ""features.conv5"": 0.38908229516299975, ""features.conv6"": 0.389314647056876, ""features.conv7"": 0.3941056994271026, ""features.conv8"": 0.3921754419438574}","[49, 82, 159, 162, 313, 313, 311, 312]",ok,42,CIFAR10,VGG11BN,83.86,87.4,3.5400000000000063,46.240303451918685,1.3051269997959025,1.355546500235505,0.9628050380928704,
Adaptive-Magnitude,0.5,83.86,42.52,73.34550811942574,70.79231555694454,9228362,2459773,152769536,44620444,3.585986852645874,"[""features.conv1"", ""features.conv2"", ""features.conv3"", ""features.conv4"", ""features.conv5"", ""features.conv6"", ""features.conv7"", ""features.conv8""]","[0.20531212290128073, 0.03298663720488548, 0.025577740122874577, 0.029187394306063652, 0.017003786750137806, 0.011208015494048595, 0.007043474819511175, 0.011217585764825344]","{""features.conv1"": 0.28836093160161014, ""features.conv2"": 0.46599683901279226, ""features.conv3"": 0.4736340503675756, ""features.conv4"": 0.4699131602526855, ""features.conv5"": 0.4824722206551126, ""features.conv6"": 0.4884465957283209, ""features.conv7"": 0.49273947184401956, ""features.conv8"": 0.48843673053788356}","[46, 69, 135, 136, 265, 262, 260, 262]",ok,42,CIFAR10,VGG11BN,83.86,87.49,3.6299999999999955,61.31254817510708,1.3051269997959025,1.3445140002659173,0.9707053995256094,
Adaptive-Correlation,0.1,83.86,75.88,18.316013177636506,17.25398707763307,9228362,7538094,152769536,126410700,5.26030421257019,"[""features.conv1"", ""features.conv2"", ""features.conv3"", ""features.conv4"", ""features.conv5"", ""features.conv6"", ""features.conv7"", ""features.conv8""]","[0.22460022568702698, 0.033975898598631225, 0.028773412729303043, 0.026449975247184437, 0.014910086058080196, 0.009719149675220251, 0.007171324919909239, 0.010672918831308683]","{""features.conv1"": 0.05587087384588675, ""features.conv2"": 0.09332446478683588, ""features.conv3"": 0.09434664165482572, ""features.conv4"": 0.09480314727696379, ""features.conv5"": 0.0970704879453569, ""features.conv6"": 0.09809039558701887, ""features.conv7"": 0.0985909884947142, ""features.conv8"": 0.09790300040839792}","[61, 117, 232, 232, 463, 462, 462, 462]",ok,42,CIFAR10,VGG11BN,83.86,87.99,4.1299999999999955,66.11700855722287,1.3051269997959025,1.378207499783457,0.9469742400915415,
Adaptive-Correlation,0.2,83.86,55.38,35.01711354626097,33.33444175676491,9228362,5996856,152769536,101844664,5.120363712310791,"[""features.conv1"", ""features.conv2"", ""features.conv3"", ""features.conv4"", ""features.conv5"", ""features.conv6"", ""features.conv7"", ""features.conv8""]","[0.25840822358926135, 0.04247503541409969, 0.030584099392096203, 0.03140271330873171, 0.010211809538304806, 0.012355301529169083, 0.007347040964911382, 0.00971186455960075]","{""features.conv1"": 0.11011800523170355, ""features.conv2"": 0.18522593105650698, ""features.conv3"": 0.18936194899925898, ""features.conv4"": 0.18907721095667548, ""features.conv5"": 0.19644803172767566, ""features.conv6"": 0.19570246205023775, ""features.conv7"": 0.19744448265462222, ""features.conv8"": 0.19662192732331948}","[57, 105, 208, 208, 412, 412, 411, 412]",ok,42,CIFAR10,VGG11BN,83.86,87.55,3.6899999999999977,91.86936541043092,1.3051269997959025,1.097895499697188,1.1887533924274865,
Adaptive-Correlation,0.3,83.86,42.96,49.58759745228893,47.354198941862336,9228362,4652239,152769536,80426746,5.185918569564819,"[""features.conv1"", ""features.conv2"", ""features.conv3"", ""features.conv4"", ""features.conv5"", ""features.conv6"", ""features.conv7"", ""features.conv8""]","[0.21399866541226706, 0.0401271836211284, 0.025204046318928402, 0.027469900126258533, 0.013195658413072428, 0.012219483343263468, 0.007138157573839028, 0.008087595303853353]","{""features.conv1"": 0.17065498942564716, ""features.conv2"": 0.27574633944658083, ""features.conv3"": 0.2847661777172401, ""features.conv4"": 0.2833966510236766, ""features.conv5"": 0.2920242840127705, ""features.conv6"": 0.2926143034621143, ""features.conv7"": 0.2956855568931194, ""features.conv8"": 0.2951116980188511}","[54, 93, 184, 184, 363, 363, 361, 361]",ok,42,CIFAR10,VGG11BN,83.86,88.0,4.140000000000001,90.82916356924846,1.3051269997959025,1.3255519997983356,0.98459132496836,
Adaptive-Correlation,0.4,83.86,15.85,62.4857585777411,59.962499329709296,9228362,3461950,152769536,61165104,5.049496173858643,"[""features.conv1"", ""features.conv2"", ""features.conv3"", ""features.conv4"", ""features.conv5"", ""features.conv6"", ""features.conv7"", ""features.conv8""]","[0.22117977837721506, 0.036424881468216576, 0.028632740179697674, 0.02906574433048566, 0.01366768404841423, 0.010593281437953314, 0.006657624617218971, 0.009911879586676756]","{""features.conv1"": 0.22610364339929412, ""features.conv2"": 0.37136196526007575, ""features.conv3"": 0.377488316367456, ""features.conv4"": 0.3771478790780823, ""features.conv5"": 0.3892541692706857, ""features.conv6"": 0.3916713315293939, ""features.conv7"": 0.39476563059677605, ""features.conv8"": 0.39220706449823645}","[50, 81, 160, 160, 313, 312, 310, 312]",ok,42,CIFAR10,VGG11BN,83.86,87.37,3.510000000000005,114.45808073373878,1.3051269997959025,1.2788920003004023,1.0205138506530167,
Adaptive-Correlation,0.5,83.86,10.09,73.31056150593139,70.52716976243222,9228362,2462998,152769536,45025506,4.868533611297607,"[""features.conv1"", ""features.conv2"", ""features.conv3"", ""features.conv4"", ""features.conv5"", ""features.conv6"", ""features.conv7"", ""features.conv8""]","[0.2033347338438034, 0.031111380085349083, 0.03454956163962682, 0.033653867741425834, 0.013464265192548433, 0.010339958282808462, 0.007408927505215009, 0.008700913128753504]","{""features.conv1"": 0.2922512628197127, ""features.conv2"": 0.468213252096751, ""features.conv3"": 0.4647004342785889, ""features.conv4"": 0.4656155719569075, ""features.conv5"": 0.4862434516821845, ""features.conv6"": 0.4894355812450595, ""features.conv7"": 0.492430239025217, ""features.conv8"": 0.491110206895579}","[46, 69, 138, 137, 264, 262, 260, 261]",ok,42,CIFAR10,VGG11BN,83.86,86.84,2.980000000000004,104.69160025979384,1.3051269997959025,1.3945810001132486,0.9358560024049648,
E-HRAP,0.1,83.86,81.88,18.38371750046216,17.319403261131853,9228362,7531846,152769536,126310764,5.066991329193115,"[""features.conv1"", ""features.conv2"", ""features.conv3"", ""features.conv4"", ""features.conv5"", ""features.conv6"", ""features.conv7"", ""features.conv8""]","[0.2510245591402054, 0.039658540238936744, 0.02673123652736346, 0.026354546348253887, 0.01289790216833353, 0.010329782031476498, 0.007671542000025511, 0.010658788960427046]","{""features.conv1"": 0.05439789109534056, ""features.conv2"": 0.09279547356971675, ""features.conv3"": 0.09514389841594667, ""features.conv4"": 0.09521232943572382, ""features.conv5"": 0.09765691635377606, ""features.conv6"": 0.0981234511604194, ""features.conv7"": 0.0986063575016322, ""features.conv8"": 0.09806368246744458}","[61, 117, 232, 232, 462, 462, 462, 462]",ok,42,CIFAR10,VGG11BN,83.86,87.87,4.010000000000005,32.58318128446775,1.3051269997959025,1.348954499917454,0.9675100234112911,
E-HRAP,0.2,83.86,78.44,34.795763321811606,33.20794533276582,9228362,6017283,152769536,102037912,5.298371076583862,"[""features.conv1"", ""features.conv2"", ""features.conv3"", ""features.conv4"", ""features.conv5"", ""features.conv6"", ""features.conv7"", ""features.conv8""]","[0.21073526640733084, 0.03659701098998388, 0.025298861786723137, 0.029495336736241978, 0.014451245466868082, 0.012601956725120544, 0.00707353310038646, 0.008939906333883604]","{""features.conv1"": 0.1145320813267699, ""features.conv2"": 0.18515734735670974, ""features.conv3"": 0.18973953862314843, ""features.conv4"": 0.18803757394578657, ""features.conv5"": 0.19413900723241168, ""features.conv6"": 0.1948890234137446, ""features.conv7"": 0.1971311866207165, ""features.conv8"": 0.1963742414807127}","[57, 105, 208, 208, 413, 413, 412, 412]",ok,42,CIFAR10,VGG11BN,83.86,88.0,4.140000000000001,27.47460922636909,1.3051269997959025,1.310087500314694,0.9962136112911544,
E-HRAP,0.3,83.86,69.66,49.622890822878425,47.388408641890486,9228362,4648982,152769536,80374484,5.232189893722534,"[""features.conv1"", ""features.conv2"", ""features.conv3"", ""features.conv4"", ""features.conv5"", ""features.conv6"", ""features.conv7"", ""features.conv8""]","[0.2246252199014028, 0.032483882581194244, 0.02909101111193498, 0.03225490575035413, 0.013144478822747866, 0.011960554247101149, 0.007467388485868772, 0.01104922934124867]","{""features.conv1"": 0.16972014477545305, ""features.conv2"": 0.28115974901808993, ""features.conv3"": 0.2831275725955342, ""features.conv4"": 0.2812925527539515, ""features.conv5"": 0.2923763645116012, ""features.conv6"": 0.2930630261535119, ""features.conv7"": 0.29566900684049874, ""features.conv8"": 0.29359158335135943}","[54, 93, 184, 184, 363, 362, 361, 362]",ok,42,CIFAR10,VGG11BN,83.86,87.81,3.950000000000003,36.57586186339637,1.3051269997959025,1.323419000073045,0.986178224525919,
E-HRAP,0.4,83.86,44.61,62.394463936286854,59.918298108858565,9228362,3470375,152769536,61232630,5.149291753768921,"[""features.conv1"", ""features.conv2"", ""features.conv3"", ""features.conv4"", ""features.conv5"", ""features.conv6"", ""features.conv7"", ""features.conv8""]","[0.20593054095904031, 0.03820303392906984, 0.02784664121766885, 0.02906247042119503, 0.012816416410108408, 0.012973931928475698, 0.007948705460876226, 0.009066797637691101]","{""features.conv1"": 0.2323082837288459, ""features.conv2"": 0.3688908099959536, ""features.conv3"": 0.3773241451392742, ""features.conv4"": 0.3763340807958195, ""features.conv5"": 0.3895634379716201, ""features.conv6"": 0.3894351711905426, ""features.conv7"": 0.39352727354252254, ""features.conv8"": 0.3926167976354218}","[50, 81, 160, 160, 313, 313, 311, 311]",ok,42,CIFAR10,VGG11BN,83.86,88.12,4.260000000000005,69.73375080909354,1.3051269997959025,1.124533000165684,1.1605946642771805,
E-HRAP,0.5,83.86,24.5,73.43670523544698,70.77760450879421,9228362,2451357,152769536,44642918,5.101112604141235,"[""features.conv1"", ""features.conv2"", ""features.conv3"", ""features.conv4"", ""features.conv5"", ""features.conv6"", ""features.conv7"", ""features.conv8""]","[0.20047459503014883, 0.045063758889834084, 0.032738642767071724, 0.02907014700273673, 0.010433808900415897, 0.009644445963203907, 0.006477051259328921, 0.01204411250849565]","{""features.conv1"": 0.29717645468204446, ""features.conv2"": 0.45440823141697756, ""features.conv3"": 0.4668777602772215, ""features.conv4"": 0.4705892396135156, ""features.conv5"": 0.4894439387093704, ""features.conv6"": 0.4902425505706083, ""features.conv7"": 0.4934470574716679, ""features.conv8"": 0.4878147672585943}","[45, 70, 137, 136, 262, 261, 260, 263]",ok,42,CIFAR10,VGG11BN,83.86,87.33,3.469999999999999,85.55667060301711,1.3051269997959025,1.1247399997955654,1.1603810658757798,
Uniform-Magnitude,0.1,82.18,79.91,10.992951660793723,17.25981055480379,2474058,2202086,41620480,34436864,2.107327461242676,"[""conv1"", ""conv2"", ""conv3""]","[NaN, NaN, NaN]","{""conv1"": 0.1, ""conv2"": 0.1, ""conv3"": 0.1}","[58, 116, 231]",ok,42,CIFAR10,SimpleCNN,82.18,85.49,3.309999999999988,50.759797479152255,0.6988364998505858,0.7121674998415983,0.9812810890780924,
Uniform-Magnitude,0.2,82.18,73.07,22.177855167502138,33.6272911797269,2474058,1925365,41620480,27624640,2.0537662506103516,"[""conv1"", ""conv2"", ""conv3""]","[NaN, NaN, NaN]","{""conv1"": 0.2, ""conv2"": 0.2, ""conv3"": 0.2}","[52, 103, 205]",ok,42,CIFAR10,SimpleCNN,82.18,86.11,3.9299999999999926,58.79739001591056,0.6988364998505858,0.7211904994619545,0.969004029270982,
Uniform-Magnitude,0.3,82.18,55.83,32.73007342592615,48.61606593676959,2474058,1664297,41620480,21386240,2.013282060623169,"[""conv1"", ""conv2"", ""conv3""]","[NaN, NaN, NaN]","{""conv1"": 0.3, ""conv2"": 0.3, ""conv3"": 0.3}","[45, 90, 180]",ok,42,CIFAR10,SimpleCNN,82.18,85.77,3.589999999999989,91.47550514287548,0.6988364998505858,0.6707855000058771,1.041818136862623,
Uniform-Magnitude,0.4,82.18,36.16,43.30965563458901,61.33134456882765,2474058,1402552,41620480,16094080,1.9829564094543457,"[""conv1"", ""conv2"", ""conv3""]","[NaN, NaN, NaN]","{""conv1"": 0.4, ""conv2"": 0.4, ""conv3"": 0.4}","[39, 77, 154]",ok,42,CIFAR10,SimpleCNN,82.18,84.55,2.3699999999999903,111.73028113701649,0.6988364998505858,0.5277844998090586,1.3240943985725429,
Uniform-Magnitude,0.5,82.18,29.87,53.611030945919616,72.66822487390823,2474058,1147690,41620480,11375616,1.9778845310211182,"[""conv1"", ""conv2"", ""conv3""]","[NaN, NaN, NaN]","{""conv1"": 0.5, ""conv2"": 0.5, ""conv3"": 0.5}","[32, 64, 128]",ok,42,CIFAR10,SimpleCNN,82.18,84.16,1.9799999999999898,101.26647266821875,0.6988364998505858,0.6870464999337855,1.0171604104204541,
Adaptive-Magnitude,0.1,82.18,81.09,9.261504782830475,13.75030754090294,2474058,2244923,41620480,35897536,2.6769073009490967,"[""conv1"", ""conv2"", ""conv3""]","[0.1371118500828743, 0.029882201304038365, 0.04808186118801435]","{""conv1"": 0.05537468891381522, ""conv2"": 0.09027434515450924, ""conv3"": 0.08435096593167556}","[61, 117, 235]",ok,42,CIFAR10,SimpleCNN,82.18,85.14,2.9599999999999937,43.72939489820409,0.6988364998505858,0.7144675000745337,0.9781221675971024,
Adaptive-Magnitude,0.2,82.18,75.67,19.538143406500573,27.608100627383443,2474058,1990673,41620480,30129856,2.8708348274230957,"[""conv1"", ""conv2"", ""conv3""]","[0.21079073349634805, 0.0376532431691885, 0.04692516972621282]","{""conv1"": 0.10008874301871547, ""conv2"": 0.1821529969934814, ""conv3"": 0.17775825998780317}","[58, 105, 211]",ok,42,CIFAR10,SimpleCNN,82.18,85.24,3.059999999999988,48.981112487975395,0.6988364998505858,0.720291000106954,0.970214121440942,
Adaptive-Magnitude,0.3,82.18,66.56,28.483972485689502,39.82500922622709,2474058,1769348,41620480,25045120,2.7725038528442383,"[""conv1"", ""conv2"", ""conv3""]","[0.18744721511999765, 0.03124241903424263, 0.051428028692801796]","{""conv1"": 0.15427122847020236, ""conv2"": 0.27571092564610944, ""conv3"": 0.26001784588368826}","[55, 93, 190]",ok,42,CIFAR10,SimpleCNN,82.18,85.66,3.4799999999999898,67.05525365043775,0.6988364998505858,0.7196779997684644,0.9710405210044163,
Adaptive-Magnitude,0.4,82.18,57.12,38.17485281266648,50.83189814245295,2474058,1529590,41620480,20464000,2.7670204639434814,"[""conv1"", ""conv2"", ""conv3""]","[0.18791347245375314, 0.043279461562633514, 0.04471219703555107]","{""conv1"": 0.20929759411706544, ""conv2"": 0.3560782027092632, ""conv3"": 0.3546242031736714}","[51, 83, 166]",ok,42,CIFAR10,SimpleCNN,82.18,85.02,2.839999999999989,73.08476115654527,0.6988364998505858,0.6548494993694476,1.0671711599741516,
Adaptive-Magnitude,0.5,82.18,42.44,47.172216657814815,61.43129536228319,2474058,1306990,41620480,16052480,2.5850088596343994,"[""conv1"", ""conv2"", ""conv3""]","[0.20394526918729147, 0.0299139612664779, 0.04817269369959831]","{""conv1"": 0.24690509086930373, ""conv2"": 0.4628769456695484, ""conv3"": 0.44021796346114783}","[49, 69, 144]",ok,42,CIFAR10,SimpleCNN,82.18,84.9,2.719999999999999,90.0106100758482,0.6988364998505858,0.7194670006356318,0.9713252994691634,
Adaptive-Correlation,0.1,82.18,71.99,9.635263199165097,13.931910444089064,2474058,2235676,41620480,35821952,3.4788479804992676,"[""conv1"", ""conv2"", ""conv3""]","[0.1759782781203588, 0.03565923745433489, 0.04468309258421262]","{""conv1"": 0.05194112733694726, ""conv2"": 0.09026162336406462, ""conv3"": 0.08779724929898813}","[61, 117, 234]",ok,42,CIFAR10,SimpleCNN,82.18,85.96,3.779999999999987,144.98825523739208,0.6988364998505858,0.7361870002569049,0.9492649280776692,
Adaptive-Correlation,0.2,82.18,62.43,19.44020714146556,26.99501783737237,2474058,1993096,41620480,30385024,3.4713170528411865,"[""conv1"", ""conv2"", ""conv3""]","[0.19299322366714478, 0.04765438660979271, 0.04735884567101797]","{""conv1"": 0.10618595258752542, ""conv2"": 0.17683519244937837, ""conv3"": 0.17697885496309626}","[58, 106, 211]",ok,42,CIFAR10,SimpleCNN,82.18,85.71,3.529999999999987,119.75181041329665,0.6988364998505858,0.7228120002764626,0.9668302402053278,
Adaptive-Correlation,0.3,82.18,45.7,29.125550007315915,39.55714109976627,2474058,1753475,41620480,25156608,3.420865774154663,"[""conv1"", ""conv2"", ""conv3""]","[0.17605656385421753, 0.039832670241594315, 0.04112431903680166]","{""conv1"": 0.15614813709723324, ""conv2"": 0.26745362005707646, ""conv3"": 0.2663982428456903}","[55, 94, 188]",ok,42,CIFAR10,SimpleCNN,82.18,85.15,2.969999999999999,135.4480859248692,0.6988364998505858,0.7097055004123831,0.9846851961053117,
Adaptive-Correlation,0.4,82.18,34.86,38.17485281266648,50.83189814245295,2474058,1529590,41620480,20464000,3.5090529918670654,"[""conv1"", ""conv2"", ""conv3""]","[0.1727598930398623, 0.037493847931424774, 0.040512289851903915]","{""conv1"": 0.20709998921158546, ""conv2"": 0.35813516931963957, ""conv3"": 0.354764841468775}","[51, 83, 166]",ok,42,CIFAR10,SimpleCNN,82.18,85.08,2.8999999999999915,131.55257008178148,0.6988364998505858,0.6569515007868176,1.06375660762416,
Adaptive-Correlation,0.5,82.18,19.82,48.10271222420816,60.84404600811908,2474058,1283969,41620480,16296896,3.383155584335327,"[""conv1"", ""conv2"", ""conv3""]","[0.2059781402349472, 0.038459221522013344, 0.040361581991116204]","{""conv1"": 0.2468658130066595, ""conv2"": 0.45273603421573233, ""conv3"": 0.45039815277760814}","[49, 71, 141]",ok,42,CIFAR10,SimpleCNN,82.18,84.53,2.3499999999999943,134.52463906480946,0.6988364998505858,0.5553820010391064,1.258298789919514,
E-HRAP,0.1,82.18,80.57,9.635263199165097,13.931910444089064,2474058,2235676,41620480,35821952,3.3339991569519043,"[""conv1"", ""conv2"", ""conv3""]","[0.2186440328756968, 0.03189637760321299, 0.04539349675178528]","{""conv1"": 0.0482820929696045, ""conv2"": 0.09245525308972327, ""conv3"": 0.08926265394067225}","[61, 117, 234]",ok,42,CIFAR10,SimpleCNN,82.18,85.81,3.6299999999999955,54.38356889362461,0.6988364998505858,0.7172440009526326,0.9743357893860413,
E-HRAP,0.2,82.18,76.35,19.538143406500573,27.608100627383443,2474058,1990673,41620480,30129856,3.281405448913574,"[""conv1"", ""conv2"", ""conv3""]","[0.19859054187933603, 0.035245999693870544, 0.04694448535641035]","{""conv1"": 0.1009809310581505, ""conv2"": 0.18242602069270591, ""conv3"": 0.17659304824914362}","[58, 105, 211]",ok,42,CIFAR10,SimpleCNN,82.18,85.73,3.549999999999997,48.008655709217344,0.6988364998505858,0.747973999750684,0.9343058717061331,
E-HRAP,0.3,82.18,65.16,29.490941602824186,39.706913519498094,2474058,1744435,41620480,25094272,3.252514600753784,"[""conv1"", ""conv2"", ""conv3""]","[0.1984321971734365, 0.039464869846900306, 0.03971742341915766]","{""conv1"": 0.14989702324092583, ""conv2"": 0.27014700978061756, ""conv3"": 0.2699559669784566}","[55, 94, 187]",ok,42,CIFAR10,SimpleCNN,82.18,85.49,3.309999999999988,68.9364221522622,0.6988364998505858,0.7221235000542947,0.9677520532125626,
E-HRAP,0.4,82.18,48.43,38.25387278713757,51.3439537458482,2474058,1527635,41620480,20250880,3.3101091384887695,"[""conv1"", ""conv2"", ""conv3""]","[0.20075975358486176, 0.041541473319133125, 0.04647516459226608]","{""conv1"": 0.20534166691223749, ""conv2"": 0.359721040667177, ""conv3"": 0.3549372924205856}","[51, 82, 166]",ok,42,CIFAR10,SimpleCNN,82.18,85.32,3.1399999999999864,96.43468049698707,0.6988364998505858,0.6861114989078487,1.0185465495957913,
E-HRAP,0.5,82.18,37.14,47.703489570575954,60.72333620371509,2474058,1293846,41620480,16347136,3.2627146244049072,"[""conv1"", ""conv2"", ""conv3""]","[0.17315523823102316, 0.04208041913807392, 0.038764677941799164]","{""conv1"": 0.2614005772603472, ""conv2"": 0.4420152470259591, ""conv3"": 0.44658417571369374}","[48, 72, 142]",ok,42,CIFAR10,SimpleCNN,82.18,84.15,1.9699999999999989,98.54624980935628,0.6988364998505858,0.7078070002535242,0.9873263468717811,
Uniform-Magnitude,0.1,47.68,33.15,8.868800390911312,8.127990768208017,278324,253640,40818944,37501184,2.258681058883667,"[""block1.conv1"", ""block2.conv1"", ""block3.conv1"", ""block4.conv1"", ""block5.conv1"", ""block6.conv1"", ""block7.conv1"", ""block8.conv1"", ""block9.conv1""]","[NaN, NaN, NaN, NaN, NaN, NaN, NaN, NaN, NaN]","{""block1.conv1"": 0.1, ""block2.conv1"": 0.1, ""block3.conv1"": 0.1, ""block4.conv1"": 0.1, ""block5.conv1"": 0.1, ""block6.conv1"": 0.1, ""block7.conv1"": 0.1, ""block8.conv1"": 0.1, ""block9.conv1"": 0.1}","[15, 15, 15, 29, 29, 29, 58, 58, 58]",ok,42,CIFAR100,ResNet20,47.68,54.36,6.68,239.1529752066116,2.8633150013774866,2.7289795007163775,1.0492255440635758,
Uniform-Magnitude,0.2,47.68,15.42,18.05018611402538,18.423445741271504,278324,228086,40818944,33298688,2.079511880874634,"[""block1.conv1"", ""block2.conv1"", ""block3.conv1"", ""block4.conv1"", ""block5.conv1"", ""block6.conv1"", ""block7.conv1"", ""block8.conv1"", ""block9.conv1""]","[NaN, NaN, NaN, NaN, NaN, NaN, NaN, NaN, NaN]","{""block1.conv1"": 0.2, ""block2.conv1"": 0.2, ""block3.conv1"": 0.2, ""block4.conv1"": 0.2, ""block5.conv1"": 0.2, ""block6.conv1"": 0.2, ""block7.conv1"": 0.2, ""block8.conv1"": 0.2, ""block9.conv1"": 0.2}","[13, 13, 13, 26, 26, 26, 52, 52, 52]",ok,42,CIFAR100,ResNet20,47.68,53.94,6.259999999999998,213.40500179147259,2.8633150013774866,2.626078499815776,1.0903386938274515,
Uniform-Magnitude,0.3,47.68,8.85,28.059384027248818,27.048147056425567,278324,200228,40818944,29778176,2.1225967407226562,"[""block1.conv1"", ""block2.conv1"", ""block3.conv1"", ""block4.conv1"", ""block5.conv1"", ""block6.conv1"", ""block7.conv1"", ""block8.conv1"", ""block9.conv1""]","[NaN, NaN, NaN, NaN, NaN, NaN, NaN, NaN, NaN]","{""block1.conv1"": 0.3, ""block2.conv1"": 0.3, ""block3.conv1"": 0.3, ""block4.conv1"": 0.3, ""block5.conv1"": 0.3, ""block6.conv1"": 0.3, ""block7.conv1"": 0.3, ""block8.conv1"": 0.3, ""block9.conv1"": 0.3}","[12, 12, 12, 23, 23, 23, 45, 45, 45]",ok,42,CIFAR100,ResNet20,47.68,52.55,4.869999999999997,155.7411237451342,2.8633150013774866,2.7387135005483287,1.0454963619977815,
Uniform-Magnitude,0.4,47.68,3.4,37.24076975036289,37.343602029489055,278324,174674,40818944,25575680,2.139557123184204,"[""block1.conv1"", ""block2.conv1"", ""block3.conv1"", ""block4.conv1"", ""block5.conv1"", ""block6.conv1"", ""block7.conv1"", ""block8.conv1"", ""block9.conv1""]","[NaN, NaN, NaN, NaN, NaN, NaN, NaN, NaN, NaN]","{""block1.conv1"": 0.4, ""block2.conv1"": 0.4, ""block3.conv1"": 0.4, ""block4.conv1"": 0.4, ""block5.conv1"": 0.4, ""block6.conv1"": 0.4, ""block7.conv1"": 0.4, ""block8.conv1"": 0.4, ""block9.conv1"": 0.4}","[10, 10, 10, 20, 20, 20, 39, 39, 39]",ok,42,CIFAR100,ResNet20,47.68,52.12,4.439999999999998,130.82436353111433,2.8633150013774866,2.5767444994926336,1.111214170415918,
Uniform-Magnitude,0.5,47.68,2.03,48.133829637401014,49.12918864339068,278324,144356,40818944,20764928,2.0778472423553467,"[""block1.conv1"", ""block2.conv1"", ""block3.conv1"", ""block4.conv1"", ""block5.conv1"", ""block6.conv1"", ""block7.conv1"", ""block8.conv1"", ""block9.conv1""]","[NaN, NaN, NaN, NaN, NaN, NaN, NaN, NaN, NaN]","{""block1.conv1"": 0.5, ""block2.conv1"": 0.5, ""block3.conv1"": 0.5, ""block4.conv1"": 0.5, ""block5.conv1"": 0.5, ""block6.conv1"": 0.5, ""block7.conv1"": 0.5, ""block8.conv1"": 0.5, ""block9.conv1"": 0.5}","[8, 8, 8, 16, 16, 16, 32, 32, 32]",ok,42,CIFAR100,ResNet20,47.68,50.83,3.1499999999999986,101.38399617819181,2.8633150013774866,2.4437190004391596,1.1717038664686577,
Adaptive-Magnitude,0.1,47.68,34.53,8.712867018295224,7.857057742601082,278324,254074,40818944,37611776,3.753211498260498,"[""block1.conv1"", ""block2.conv1"", ""block3.conv1"", ""block4.conv1"", ""block5.conv1"", ""block6.conv1"", ""block7.conv1"", ""block8.conv1"", ""block9.conv1""]","[0.11996499697367351, 0.044124710063139595, 0.023655394713083904, 0.02809132697681586, 0.021911180888613064, 0.013434222588936487, 0.020691764851411183, 0.010029814206063747, 0.0031457194903244576]","{""block1.conv1"": 0.07053999159372493, ""block2.conv1"": 0.08916421987932188, ""block3.conv1"": 0.09419090447479327, ""block4.conv1"": 0.0931015650418261, ""block5.conv1"": 0.09461923403114318, ""block6.conv1"": 0.09670093510285595, ""block7.conv1"": 0.09491868810202185, ""block8.conv1"": 0.09753696146144314, ""block9.conv1"": 0.09922750031286977}","[15, 15, 15, 30, 29, 29, 58, 58, 58]",ok,42,CIFAR100,ResNet20,47.68,54.59,6.910000000000004,230.23420371134026,2.8633150013774866,2.7213280000069062,1.0521756294611382,
Adaptive-Magnitude,0.2,47.68,17.72,17.685862519940788,16.707536579094256,278324,229100,40818944,33999104,3.882005453109741,"[""block1.conv1"", ""block2.conv1"", ""block3.conv1"", ""block4.conv1"", ""block5.conv1"", ""block6.conv1"", ""block7.conv1"", ""block8.conv1"", ""block9.conv1""]","[0.12639948477347693, 0.045506966610749565, 0.022754575436313946, 0.03012992503742377, 0.020357211120426655, 0.01330589751402537, 0.02031274450321992, 0.010993747351070246, 0.0031153617116312184]","{""block1.conv1"": 0.13957875325738828, ""block2.conv1"": 0.1782468444153591, ""block3.conv1"": 0.18912290014927824, ""block4.conv1"": 0.18559734924327334, ""block5.conv1"": 0.19026888378300702, ""block6.conv1"": 0.19363953960518415, ""block7.conv1"": 0.1902901396327035, ""block8.conv1"": 0.19474478932793615, ""block9.conv1"": 0.19851080058587034}","[14, 14, 13, 27, 26, 26, 52, 52, 52]",ok,42,CIFAR100,ResNet20,47.68,54.59,6.910000000000004,208.4715967820576,2.8633150013774866,2.623602501444111,1.0913676899612004,
Adaptive-Magnitude,0.3,47.68,10.99,27.073482703611617,25.73863743265872,278324,202972,40818944,30312704,3.806091547012329,"[""block1.conv1"", ""block2.conv1"", ""block3.conv1"", ""block4.conv1"", ""block5.conv1"", ""block6.conv1"", ""block7.conv1"", ""block8.conv1"", ""block9.conv1""]","[0.13151524464289346, 0.04444908102353414, 0.021678691109021504, 0.0298955583324035, 0.020442739749948185, 0.014444093530376753, 0.01890300897260507, 0.011617188652356466, 0.0030440378468483686]","{""block1.conv1"": 0.20669200106179422, ""block2.conv1"": 0.26846407565746594, ""block3.conv1"": 0.28461930940040586, ""block4.conv1"": 0.27878957125684284, ""block5.conv1"": 0.2854961974631794, ""block6.conv1"": 0.2897521426701877, ""block7.conv1"": 0.28658861224845816, ""block8.conv1"": 0.2917577872482969, ""block9.conv1"": 0.2978403029933691}","[13, 12, 12, 24, 23, 23, 46, 46, 45]",ok,42,CIFAR100,ResNet20,47.68,52.8,5.119999999999997,154.43155377428602,2.8633150013774866,2.709874500396836,1.0566227332513667,
Adaptive-Magnitude,0.4,47.68,5.32,36.04647820525718,34.589116269151894,278324,177998,40818944,26700032,3.887946605682373,"[""block1.conv1"", ""block2.conv1"", ""block3.conv1"", ""block4.conv1"", ""block5.conv1"", ""block6.conv1"", ""block7.conv1"", ""block8.conv1"", ""block9.conv1""]","[0.12859634310007095, 0.04247231657306353, 0.022815410668651264, 0.028593201811114948, 0.020691754917303722, 0.012705416729052862, 0.019635949283838272, 0.011378916290899118, 0.00307731912471354]","{""block1.conv1"": 0.2758237240800961, ""block2.conv1"": 0.35898752659218247, ""block3.conv1"": 0.3779687924079484, ""block4.conv1"": 0.3723895934212724, ""block5.conv1"": 0.38001945462882514, ""block6.conv1"": 0.38773128927782585, ""block7.conv1"": 0.381038970491395, ""block8.conv1"": 0.38901219572077084, ""block9.conv1"": 0.39702845337968395}","[12, 11, 10, 21, 20, 20, 40, 40, 39]",ok,42,CIFAR100,ResNet20,47.68,52.86,5.18,131.88528357554372,2.8633150013774866,2.4820164990160265,1.1536244833636773,
Adaptive-Magnitude,0.5,47.68,2.0,45.434098388928014,43.620217122716355,278324,151870,40818944,23013632,3.8684825897216797,"[""block1.conv1"", ""block2.conv1"", ""block3.conv1"", ""block4.conv1"", ""block5.conv1"", ""block6.conv1"", ""block7.conv1"", ""block8.conv1"", ""block9.conv1""]","[0.114177572230498, 0.04410964995622635, 0.0228367963184913, 0.028980289896329243, 0.020719181125362713, 0.01273985238124927, 0.020356925204396248, 0.010532191644112269, 0.003041596927990516]","{""block1.conv1"": 0.35598916639105505, ""block2.conv1"": 0.4443650155078515, ""block3.conv1"": 0.47119621646758786, ""block4.conv1"": 0.463447500024138, ""block5.conv1"": 0.47386713969066857, ""block6.conv1"": 0.48393137351199916, ""block7.conv1"": 0.47432404883787693, ""block8.conv1"": 0.4867158701243375, ""block9.conv1"": 0.49616366944448553}","[11, 9, 9, 18, 17, 17, 34, 33, 33]",ok,42,CIFAR100,ResNet20,47.68,51.07,3.3900000000000006,108.00258339000743,2.8633150013774866,2.5904635003826115,1.1053292204096197,
Adaptive-Correlation,0.1,47.68,11.55,8.712867018295224,7.857057742601082,278324,254074,40818944,37611776,5.430639743804932,"[""block1.conv1"", ""block2.conv1"", ""block3.conv1"", ""block4.conv1"", ""block5.conv1"", ""block6.conv1"", ""block7.conv1"", ""block8.conv1"", ""block9.conv1""]","[0.11542293677727382, 0.046762303759654365, 0.025325207660595577, 0.030311205113927524, 0.020863883818189304, 0.0134204076603055, 0.017789848148822784, 0.011914911059041819, 0.003114502333725492]","{""block1.conv1"": 0.07164306493470494, ""block2.conv1"": 0.08851150691326709, ""block3.conv1"": 0.09377814073010123, ""block4.conv1"": 0.09255318830757979, ""block5.conv1"": 0.09487419212193582, ""block6.conv1"": 0.09670289424962888, ""block7.conv1"": 0.09562941662322222, ""block8.conv1"": 0.09707276241062912, ""block9.conv1"": 0.09923483370893096}","[15, 15, 15, 30, 29, 29, 58, 58, 58]",ok,42,CIFAR100,ResNet20,47.68,53.88,6.200000000000003,485.83319257731955,2.8633150013774866,2.7528455002538976,1.0401292048948625,
Adaptive-Correlation,0.2,47.68,7.89,17.685862519940788,16.707536579094256,278324,229100,40818944,33999104,5.534594297409058,"[""block1.conv1"", ""block2.conv1"", ""block3.conv1"", ""block4.conv1"", ""block5.conv1"", ""block6.conv1"", ""block7.conv1"", ""block8.conv1"", ""block9.conv1""]","[0.1293684889872869, 0.045324623584747314, 0.02232095164557298, 0.02985757775604725, 0.020674918467799824, 0.01435092898706595, 0.02208701117585103, 0.010854450985789299, 0.003011835739016533]","{""block1.conv1"": 0.1391924103319435, ""block2.conv1"": 0.17869588541711057, ""block3.conv1"": 0.1895083935872675, ""block4.conv1"": 0.18596592299342518, ""block5.conv1"": 0.19028208516268563, ""block6.conv1"": 0.1932545752985746, ""block7.conv1"": 0.1896183535643915, ""block8.conv1"": 0.19489803887497853, ""block9.conv1"": 0.19858433476962306}","[14, 14, 13, 27, 26, 26, 52, 52, 52]",ok,42,CIFAR100,ResNet20,47.68,53.65,5.969999999999999,258.7377344384853,2.8633150013774866,2.6572835004117223,1.077534632994124,
Adaptive-Correlation,0.3,47.68,7.74,27.073482703611617,25.73863743265872,278324,202972,40818944,30312704,5.548133134841919,"[""block1.conv1"", ""block2.conv1"", ""block3.conv1"", ""block4.conv1"", ""block5.conv1"", ""block6.conv1"", ""block7.conv1"", ""block8.conv1"", ""block9.conv1""]","[0.1338548238078753, 0.04485550646980604, 0.02094562103350957, 0.02960787961880366, 0.022158164530992508, 0.014708130930860838, 0.020273203651110332, 0.010212124635775885, 0.0033062811320026717]","{""block1.conv1"": 0.2062771728642165, ""block2.conv1"": 0.2685929519806345, ""block3.conv1"": 0.28533423926363005, ""block4.conv1"": 0.2792690759702979, ""block5.conv1"": 0.28448523732723124, ""block6.conv1"": 0.28970162170096975, ""block7.conv1"": 0.28580505425782227, ""block8.conv1"": 0.29284964736645086, ""block9.conv1"": 0.29768499926874686}","[13, 12, 12, 24, 23, 23, 46, 46, 45]",ok,42,CIFAR100,ResNet20,47.68,52.76,5.079999999999998,166.28817390381144,2.8633150013774866,2.7652885000861716,1.0354489237879738,
Adaptive-Correlation,0.4,47.68,4.35,36.04647820525718,34.589116269151894,278324,177998,40818944,26700032,5.426969051361084,"[""block1.conv1"", ""block2.conv1"", ""block3.conv1"", ""block4.conv1"", ""block5.conv1"", ""block6.conv1"", ""block7.conv1"", ""block8.conv1"", ""block9.conv1""]","[0.12023391326268514, 0.04471266890565554, 0.024967156971494358, 0.03167826682329178, 0.019548583154877026, 0.014007363468408585, 0.019513575360178947, 0.011389989095429579, 0.0030928520330538354]","{""block1.conv1"": 0.2835685584289875, ""block2.conv1"": 0.35670139683635715, ""block3.conv1"": 0.37582244477255133, ""block4.conv1"": 0.369323577910595, ""block5.conv1"": 0.3810696528489394, ""block6.conv1"": 0.38643562804387155, ""block7.conv1"": 0.3811035535005302, ""block8.conv1"": 0.38897022633737605, ""block9.conv1"": 0.39700496132079194}","[12, 11, 10, 21, 20, 20, 40, 40, 39]",ok,42,CIFAR100,ResNet20,47.68,51.71,4.030000000000001,131.38592827382735,2.8633150013774866,2.502929500224127,1.1439854782650045,
Adaptive-Correlation,0.5,47.68,3.24,45.434098388928014,43.620217122716355,278324,151870,40818944,23013632,5.2987236976623535,"[""block1.conv1"", ""block2.conv1"", ""block3.conv1"", ""block4.conv1"", ""block5.conv1"", ""block6.conv1"", ""block7.conv1"", ""block8.conv1"", ""block9.conv1""]","[0.11685945590337117, 0.044354457408189774, 0.02289353497326374, 0.033644680554668106, 0.022061608731746674, 0.013246937654912472, 0.020474847095708053, 0.010743163215617338, 0.0031650985280672708]","{""block1.conv1"": 0.3577084917694603, ""block2.conv1"": 0.4459927089975738, ""block3.conv1"": 0.4721241589318376, ""block4.conv1"": 0.4590332480752178, ""block5.conv1"": 0.4731371367754099, ""block6.conv1"": 0.48387013935858103, ""block7.conv1"": 0.47506922438140553, ""block8.conv1"": 0.48691880870657944, ""block9.conv1"": 0.49614608300393465}","[11, 9, 9, 18, 17, 17, 34, 33, 33]",ok,42,CIFAR100,ResNet20,47.68,51.25,3.5700000000000003,105.66953390165592,2.8633150013774866,2.638283999658597,1.085294457210827,
E-HRAP,0.1,47.68,31.64,8.712867018295224,7.857057742601082,278324,254074,40818944,37611776,5.473389387130737,"[""block1.conv1"", ""block2.conv1"", ""block3.conv1"", ""block4.conv1"", ""block5.conv1"", ""block6.conv1"", ""block7.conv1"", ""block8.conv1"", ""block9.conv1""]","[0.11491423100233078, 0.042496539652347565, 0.019930442174275715, 0.03148010621468226, 0.021969753007094067, 0.013068906652430693, 0.019232887774705887, 0.011245145462453365, 0.003260171739384532]","{""block1.conv1"": 0.07102287895570533, ""block2.conv1"": 0.08928394366190584, ""block3.conv1"": 0.09497427924885483, ""block4.conv1"": 0.09206188093229639, ""block5.conv1"": 0.09446004044366874, ""block6.conv1"": 0.09670450485826781, ""block7.conv1"": 0.09515017668205356, ""block8.conv1"": 0.09716439001171576, ""block9.conv1"": 0.09917790520553178}","[15, 15, 15, 30, 29, 29, 58, 58, 58]",ok,42,CIFAR100,ResNet20,47.68,54.9,7.219999999999999,266.96149443298964,2.8633150013774866,2.751451500444091,1.040656177626733,
E-HRAP,0.2,47.68,17.15,17.685862519940788,16.707536579094256,278324,229100,40818944,33999104,5.2863450050354,"[""block1.conv1"", ""block2.conv1"", ""block3.conv1"", ""block4.conv1"", ""block5.conv1"", ""block6.conv1"", ""block7.conv1"", ""block8.conv1"", ""block9.conv1""]","[0.11178516844908397, 0.04840568949778875, 0.022406998400886852, 0.027812955901026726, 0.021334802110989887, 0.014549391654630503, 0.019103971620400746, 0.010645391729970774, 0.0033297950867563486]","{""block1.conv1"": 0.1439822089003986, ""block2.conv1"": 0.17574293763707685, ""block3.conv1"": 0.1887714034607221, ""block4.conv1"": 0.1860623696762081, ""block5.conv1"": 0.18930870253732163, ""block6.conv1"": 0.1927090078796401, ""block7.conv1"": 0.19042661646216724, ""block8.conv1"": 0.19466538058334149, ""block9.conv1"": 0.19833137286312402}","[14, 14, 13, 27, 26, 26, 52, 52, 52]",ok,42,CIFAR100,ResNet20,47.68,53.68,6.0,206.54915732163172,2.8633150013774866,2.63940900003945,1.0848318700643553,
E-HRAP,0.3,47.68,6.67,27.073482703611617,25.73863743265872,278324,202972,40818944,30312704,5.3673670291900635,"[""block1.conv1"", ""block2.conv1"", ""block3.conv1"", ""block4.conv1"", ""block5.conv1"", ""block6.conv1"", ""block7.conv1"", ""block8.conv1"", ""block9.conv1""]","[0.12373215208450954, 0.04652882988254229, 0.02413949805001418, 0.030348213389515877, 0.020237643271684647, 0.013843974098563194, 0.01871535399307807, 0.011568848043680191, 0.003345452481880784]","{""block1.conv1"": 0.21115449968854397, ""block2.conv1"": 0.26659011340077843, ""block3.conv1"": 0.28266670590150167, ""block4.conv1"": 0.2782085564929899, ""block5.conv1"": 0.2854684210101709, ""block6.conv1"": 0.2900593759636088, ""block7.conv1"": 0.28656149625616023, ""block8.conv1"": 0.2916930233964899, ""block9.conv1"": 0.29759780788975615}","[13, 12, 12, 24, 23, 23, 46, 46, 45]",ok,42,CIFAR100,ResNet20,47.68,53.11,5.43,171.5331585093959,2.8633150013774866,2.7245744995525456,1.0509218969228868,
E-HRAP,0.4,47.68,5.25,36.04647820525718,34.589116269151894,278324,177998,40818944,26700032,5.480983734130859,"[""block1.conv1"", ""block2.conv1"", ""block3.conv1"", ""block4.conv1"", ""block5.conv1"", ""block6.conv1"", ""block7.conv1"", ""block8.conv1"", ""block9.conv1""]","[0.12090212106704712, 0.046792518347501755, 0.022424864893158276, 0.029417956868807476, 0.020028611024220783, 0.014449532143771648, 0.020686109239856403, 0.010980835184454918, 0.0029403069832672677]","{""block1.conv1"": 0.2827099336587153, ""block2.conv1"": 0.3546054483344367, ""block3.conv1"": 0.37824509720921873, ""block4.conv1"": 0.3714609298636372, ""block5.conv1"": 0.3805697609353611, ""block6.conv1"": 0.3859821600416452, ""block7.conv1"": 0.3799319060437301, ""block8.conv1"": 0.389347226699578, ""block9.conv1"": 0.3971475372136779}","[12, 11, 10, 21, 20, 20, 40, 40, 39]",ok,42,CIFAR100,ResNet20,47.68,51.51,3.8299999999999983,128.33431254111596,2.8633150013774866,3.114537999863387,0.9193385990163164,
E-HRAP,0.5,47.68,2.82,45.434098388928014,43.620217122716355,278324,151870,40818944,23013632,5.434312343597412,"[""block1.conv1"", ""block2.conv1"", ""block3.conv1"", ""block4.conv1"", ""block5.conv1"", ""block6.conv1"", ""block7.conv1"", ""block8.conv1"", ""block9.conv1""]","[0.12318094571431477, 0.04682777325312296, 0.022788023576140404, 0.03101796656847, 0.02121715930600961, 0.013962058040002981, 0.020978592957059543, 0.0108002961302797, 0.0032412074506282806]","{""block1.conv1"": 0.3533630111901412, ""block2.conv1"": 0.44425530975842453, ""block3.conv1"": 0.4728726944028895, ""block4.conv1"": 0.46307561051565505, ""block5.conv1"": 0.4747426817216685, ""block6.conv1"": 0.4833792950955028, ""block7.conv1"": 0.4750266757342046, ""block8.conv1"": 0.4871431178449303, ""block9.conv1"": 0.4961416037365836}","[11, 9, 9, 18, 17, 17, 34, 33, 33]",ok,42,CIFAR100,ResNet20,47.68,50.78,3.1000000000000014,105.55948439748842,2.8633150013774866,2.6461734996701125,1.0820586789696307,
Uniform-Magnitude,0.1,56.53,51.7,18.797228798175478,18.489568500643283,9274532,7531177,152815616,124560668,2.1853444576263428,"[""features.conv1"", ""features.conv2"", ""features.conv3"", ""features.conv4"", ""features.conv5"", ""features.conv6"", ""features.conv7"", ""features.conv8""]","[NaN, NaN, NaN, NaN, NaN, NaN, NaN, NaN]","{""features.conv1"": 0.1, ""features.conv2"": 0.1, ""features.conv3"": 0.1, ""features.conv4"": 0.1, ""features.conv5"": 0.1, ""features.conv6"": 0.1, ""features.conv7"": 0.1, ""features.conv8"": 0.1}","[58, 116, 231, 231, 461, 461, 461, 461]",ok,42,CIFAR100,VGG11BN,56.53,63.11,6.579999999999998,60.70043687028745,1.2150870006735204,1.3996754996696836,0.8681205043313788,
Uniform-Magnitude,0.2,56.53,40.68,35.753868766639656,35.47756271191552,9274532,5958528,152815616,98600360,2.313093900680542,"[""features.conv1"", ""features.conv2"", ""features.conv3"", ""features.conv4"", ""features.conv5"", ""features.conv6"", ""features.conv7"", ""features.conv8""]","[NaN, NaN, NaN, NaN, NaN, NaN, NaN, NaN]","{""features.conv1"": 0.2, ""features.conv2"": 0.2, ""features.conv3"": 0.2, ""features.conv4"": 0.2, ""features.conv5"": 0.2, ""features.conv6"": 0.2, ""features.conv7"": 0.2, ""features.conv8"": 0.2}","[52, 103, 205, 205, 410, 410, 410, 410]",ok,42,CIFAR100,VGG11BN,56.53,63.49,6.960000000000001,63.797291836801165,1.2150870006735204,1.395556999341352,0.8706824595820835,
Uniform-Magnitude,0.3,56.53,23.22,50.65741322581021,50.43148208099361,9274532,4576294,152815616,75748436,2.1849822998046875,"[""features.conv1"", ""features.conv2"", ""features.conv3"", ""features.conv4"", ""features.conv5"", ""features.conv6"", ""features.conv7"", ""features.conv8""]","[NaN, NaN, NaN, NaN, NaN, NaN, NaN, NaN]","{""features.conv1"": 0.3, ""features.conv2"": 0.3, ""features.conv3"": 0.3, ""features.conv4"": 0.3, ""features.conv5"": 0.3, ""features.conv6"": 0.3, ""features.conv7"": 0.3, ""features.conv8"": 0.3}","[45, 90, 180, 180, 359, 359, 359, 359]",ok,42,CIFAR100,VGG11BN,56.53,62.79,6.259999999999998,78.11295026773867,1.2150870006735204,1.319330500336946,0.9209875769287509,
Uniform-Magnitude,0.4,56.53,10.51,63.656667527806256,63.45959826514065,9274532,3370674,152815616,55839440,2.125978708267212,"[""features.conv1"", ""features.conv2"", ""features.conv3"", ""features.conv4"", ""features.conv5"", ""features.conv6"", ""features.conv7"", ""features.conv8""]","[NaN, NaN, NaN, NaN, NaN, NaN, NaN, NaN]","{""features.conv1"": 0.4, ""features.conv2"": 0.4, ""features.conv3"": 0.4, ""features.conv4"": 0.4, ""features.conv5"": 0.4, ""features.conv6"": 0.4, ""features.conv7"": 0.4, ""features.conv8"": 0.4}","[39, 77, 154, 154, 308, 308, 308, 308]",ok,42,CIFAR100,VGG11BN,56.53,62.08,5.549999999999997,81.01272341577321,1.2150870006735204,1.7001229998641065,0.7147053482428296,
Uniform-Magnitude,0.5,56.53,4.35,74.84168473406528,74.70214562365145,9274532,2333316,152815616,38659072,2.155508518218994,"[""features.conv1"", ""features.conv2"", ""features.conv3"", ""features.conv4"", ""features.conv5"", ""features.conv6"", ""features.conv7"", ""features.conv8""]","[NaN, NaN, NaN, NaN, NaN, NaN, NaN, NaN]","{""features.conv1"": 0.5, ""features.conv2"": 0.5, ""features.conv3"": 0.5, ""features.conv4"": 0.5, ""features.conv5"": 0.5, ""features.conv6"": 0.5, ""features.conv7"": 0.5, ""features.conv8"": 0.5}","[32, 64, 128, 128, 256, 256, 256, 256]",ok,42,CIFAR100,VGG11BN,56.53,61.33,4.799999999999997,76.13404241562286,1.2150870006735204,1.2244654999449267,0.9923407402888622,
Adaptive-Magnitude,0.1,56.53,52.21,18.166091830833082,17.36568336052776,9274532,7589712,152815616,126278140,3.853872060775757,"[""features.conv1"", ""features.conv2"", ""features.conv3"", ""features.conv4"", ""features.conv5"", ""features.conv6"", ""features.conv7"", ""features.conv8""]","[0.4292444090048472, 0.04587242131431898, 0.037233429650465645, 0.044032592326402664, 0.02765858607987563, 0.02641540641585986, 0.017446328575412434, 0.03427297870318095]","{""features.conv1"": 0.05462369259842135, ""features.conv2"": 0.09515073220024223, ""features.conv3"": 0.09606397773857667, ""features.conv4"": 0.09534522429838177, ""features.conv5"": 0.0970761541025936, ""features.conv6"": 0.09720757317621777, ""features.conv7"": 0.09815571280170612, ""features.conv8"": 0.09637693308386054}","[61, 116, 232, 232, 463, 463, 462, 463]",ok,42,CIFAR100,VGG11BN,56.53,62.96,6.43,59.17618439952042,1.2150870006735204,1.3550194998970255,0.8967302690225939,
Adaptive-Magnitude,0.2,56.53,43.72,34.69345946512449,33.466218530964795,9274532,6056876,152815616,101674008,3.839151382446289,"[""features.conv1"", ""features.conv2"", ""features.conv3"", ""features.conv4"", ""features.conv5"", ""features.conv6"", ""features.conv7"", ""features.conv8""]","[0.40855685869852704, 0.047236379235982895, 0.032652005553245544, 0.0409734770655632, 0.026099160313606262, 0.02795153483748436, 0.018217038363218307, 0.03289396067460378]","{""features.conv1"": 0.1098649140613207, ""features.conv2"": 0.18957879420888862, ""features.conv3"": 0.19279637273502803, ""features.conv4"": 0.19096050452248997, ""features.conv5"": 0.19424204977175497, ""features.conv6"": 0.19383338220604024, ""features.conv7"": 0.19598098946705356, ""features.conv8"": 0.19274299302742404}","[57, 104, 207, 208, 413, 413, 412, 414]",ok,42,CIFAR100,VGG11BN,56.53,63.02,6.490000000000002,55.6300821467553,1.2150870006735204,1.3550599996960955,0.8967034677032992,
Adaptive-Magnitude,0.3,56.53,29.16,49.437944685510814,47.76761558190493,9274532,4689394,152815616,79819240,3.794387102127075,"[""features.conv1"", ""features.conv2"", ""features.conv3"", ""features.conv4"", ""features.conv5"", ""features.conv6"", ""features.conv7"", ""features.conv8""]","[0.4715314606825511, 0.04402637109160423, 0.03519056489070257, 0.043036386370658875, 0.025169959912697475, 0.02421598881483078, 0.020251933795710404, 0.03296020316580931]","{""features.conv1"": 0.15780579737020922, ""features.conv2"": 0.28672348453061425, ""features.conv3"": 0.2893879947957616, ""features.conv4"": 0.2870220225916945, ""features.conv5"": 0.2924097909080571, ""features.conv6"": 0.29269746876394537, ""features.conv7"": 0.29389286226284045, ""features.conv8"": 0.29006057877687735}","[54, 92, 182, 183, 363, 363, 362, 364]",ok,42,CIFAR100,VGG11BN,56.53,62.52,5.990000000000002,67.47853336584417,1.2150870006735204,1.3409985003818292,0.9061061591996878,
Adaptive-Magnitude,0.4,56.53,14.75,62.09898246078616,60.19195577499095,9274532,3515142,152815616,60832908,3.846792221069336,"[""features.conv1"", ""features.conv2"", ""features.conv3"", ""features.conv4"", ""features.conv5"", ""features.conv6"", ""features.conv7"", ""features.conv8""]","[0.39685362577438354, 0.04667101055383682, 0.03091469096640746, 0.04347422284384569, 0.02809407686193784, 0.0255885465691487, 0.01950524654239416, 0.03309634514153004]","{""features.conv1"": 0.22198107490547905, ""features.conv2"": 0.3790645149942703, ""features.conv3"": 0.38613241835769974, ""features.conv4"": 0.3804985165377299, ""features.conv5"": 0.38739767753229926, ""features.conv6"": 0.3885215977400175, ""features.conv7"": 0.3912504188001178, ""features.conv8"": 0.38515378113238663}","[50, 80, 158, 159, 314, 314, 312, 315]",ok,42,CIFAR100,VGG11BN,56.53,62.25,5.719999999999999,76.49078635063783,1.2150870006735204,1.337282500571746,0.9086240193482068,
Adaptive-Magnitude,0.5,56.53,5.56,73.07906210254059,71.01488371450206,9274532,2496791,152815616,44293784,3.718479871749878,"[""features.conv1"", ""features.conv2"", ""features.conv3"", ""features.conv4"", ""features.conv5"", ""features.conv6"", ""features.conv7"", ""features.conv8""]","[0.43451793988545734, 0.04813559974233309, 0.036733884985248245, 0.03885959026714166, 0.02669798086086909, 0.02629619340101878, 0.018940463351706665, 0.03610869186619917]","{""features.conv1"": 0.2717492377801205, ""features.conv2"": 0.47471453690958115, ""features.conv3"": 0.4807038180071678, ""features.conv4"": 0.47958719241749737, ""features.conv5"": 0.48597564353077916, ""features.conv6"": 0.48618670108569945, ""features.conv7"": 0.49005064049147345, ""features.conv8"": 0.4810322297776811}","[47, 68, 133, 134, 264, 264, 262, 266]",ok,42,CIFAR100,VGG11BN,56.53,62.22,5.689999999999998,77.53246739879852,1.2150870006735204,1.2354304999462329,0.9835332709742897,
Adaptive-Correlation,0.1,56.53,40.28,18.166091830833082,17.36568336052776,9274532,7589712,152815616,126278140,5.037385940551758,"[""features.conv1"", ""features.conv2"", ""features.conv3"", ""features.conv4"", ""features.conv5"", ""features.conv6"", ""features.conv7"", ""features.conv8""]","[0.3916083574295044, 0.04652172823746999, 0.03569325742622217, 0.04034049560626348, 0.02514432556927204, 0.02749775784711043, 0.01863753826667865, 0.031920225049058594]","{""features.conv1"": 0.05559734777580573, ""features.conv2"": 0.0947251173765649, ""features.conv3"": 0.09595290737243656, ""features.conv4"": 0.09542597862641632, ""features.conv5"": 0.09714900174502716, ""features.conv6"": 0.09688215699316338, ""features.conv7"": 0.0978867761265299, ""features.conv8"": 0.09638071398405612}","[61, 116, 232, 232, 463, 463, 462, 463]",ok,42,CIFAR100,VGG11BN,56.53,63.01,6.479999999999997,125.12322524661386,1.2150870006735204,1.3333240003703395,0.911321629503423,
Adaptive-Correlation,0.2,56.53,17.41,34.69345946512449,33.466218530964795,9274532,6056876,152815616,101674008,5.069579362869263,"[""features.conv1"", ""features.conv2"", ""features.conv3"", ""features.conv4"", ""features.conv5"", ""features.conv6"", ""features.conv7"", ""features.conv8""]","[0.39690424998601276, 0.05273784200350443, 0.03496199597915014, 0.04073256005843481, 0.025659934307138126, 0.026011133566498756, 0.019721890489260357, 0.030771524955828983]","{""features.conv1"": 0.11144781702804943, ""features.conv2"": 0.1882338094520159, ""features.conv3"": 0.19219972810792676, ""features.conv4"": 0.1909122739014823, ""features.conv5"": 0.1942750847392186, ""features.conv6"": 0.1941967296672444, ""features.conv7"": 0.19559990487574952, ""features.conv8"": 0.19313465222831316}","[57, 104, 207, 208, 413, 413, 412, 414]",ok,42,CIFAR100,VGG11BN,56.53,62.48,5.949999999999996,129.90921255721554,1.2150870006735204,1.3437780007734546,0.904231949008049,
Adaptive-Correlation,0.3,56.53,5.34,49.34066753988233,47.646834731864054,9274532,4698416,152815616,80003812,5.361382722854614,"[""features.conv1"", ""features.conv2"", ""features.conv3"", ""features.conv4"", ""features.conv5"", ""features.conv6"", ""features.conv7"", ""features.conv8""]","[0.39460599422454834, 0.0486715796093146, 0.03433699471255144, 0.0405642365415891, 0.02570364810526371, 0.025629451498389244, 0.021302107100685436, 0.029565288374821346]","{""features.conv1"": 0.16642484885484363, ""features.conv2"": 0.2835245442341452, ""features.conv3"": 0.28837683835083977, ""features.conv4"": 0.28626890086203977, ""features.conv5"": 0.2912992485393195, ""features.conv6"": 0.291324364282929, ""features.conv7"": 0.2927891815701482, ""features.conv8"": 0.28999207330573484}","[54, 92, 183, 183, 363, 363, 363, 364]",ok,42,CIFAR100,VGG11BN,56.53,62.56,6.030000000000001,115.96924576212666,1.2150870006735204,1.333807999799319,0.910990937868373,
Adaptive-Correlation,0.4,56.53,2.46,62.15167514651952,60.09018607103609,9274532,3510255,152815616,60988428,5.206456899642944,"[""features.conv1"", ""features.conv2"", ""features.conv3"", ""features.conv4"", ""features.conv5"", ""features.conv6"", ""features.conv7"", ""features.conv8""]","[0.4308471580346425, 0.04353050639232, 0.035310798635085426, 0.04544381176431974, 0.027666752537091572, 0.024769632145762444, 0.01943552866578102, 0.03216545842587948]","{""features.conv1"": 0.21698610536485463, ""features.conv2"": 0.3815092490185162, ""features.conv3"": 0.38500079051150493, ""features.conv4"": 0.38069652120721226, ""features.conv5"": 0.38824780426354166, ""features.conv6"": 0.38947843391063663, ""features.conv7"": 0.39174423753508525, ""features.conv8"": 0.3863368581886486}","[51, 80, 158, 159, 314, 313, 312, 315]",ok,42,CIFAR100,VGG11BN,56.53,61.74,5.210000000000001,95.37956919141811,1.2150870006735204,1.6648270002406207,0.7298578173575402,
Adaptive-Correlation,0.5,56.53,1.39,73.00177518391224,70.90227742170015,9274532,2503959,152815616,44465864,5.091863632202148,"[""features.conv1"", ""features.conv2"", ""features.conv3"", ""features.conv4"", ""features.conv5"", ""features.conv6"", ""features.conv7"", ""features.conv8""]","[0.39121798674265545, 0.04273039847612381, 0.033913325518369675, 0.04155463228623072, 0.027603297183911007, 0.02554534748196602, 0.019644024781882763, 0.03369357685248057]","{""features.conv1"": 0.2776818968884335, ""features.conv2"": 0.475717524612021, ""features.conv3"": 0.48072801748655647, ""features.conv4"": 0.476385679241659, ""features.conv5"": 0.48431382789772215, ""features.conv6"": 0.4854833024350378, ""features.conv7"": 0.4888368570081683, ""features.conv8"": 0.48085289443040186}","[47, 68, 133, 135, 265, 264, 262, 266]",ok,42,CIFAR100,VGG11BN,56.53,61.33,4.799999999999997,82.10759238250589,1.2150870006735204,1.2708449994534021,0.9561252561847718,
E-HRAP,0.1,56.53,53.73,18.166091830833082,17.36568336052776,9274532,7589712,152815616,126278140,5.605305910110474,"[""features.conv1"", ""features.conv2"", ""features.conv3"", ""features.conv4"", ""features.conv5"", ""features.conv6"", ""features.conv7"", ""features.conv8""]","[0.4590458969275157, 0.0480864110092322, 0.030854445571700733, 0.038581992189089455, 0.025092917184034984, 0.02402283561726411, 0.01988829392939806, 0.035142009456952415]","{""features.conv1"": 0.052794896341411095, ""features.conv2"": 0.0950551262271303, ""features.conv3"": 0.09682714231563995, ""features.conv4"": 0.0960324948924913, ""features.conv5"": 0.09741961802796423, ""features.conv6"": 0.09752965781183041, ""features.conv7"": 0.09795482546992908, ""features.conv8"": 0.09638623891360369}","[61, 116, 232, 232, 463, 463, 462, 463]",ok,42,CIFAR100,VGG11BN,56.53,62.75,6.219999999999999,49.65294728220227,1.2150870006735204,1.3946779990874347,0.8712312099771959,
E-HRAP,0.2,56.53,41.63,34.78432119270277,33.41803759113205,9274532,6048449,152815616,101747636,5.0063159465789795,"[""features.conv1"", ""features.conv2"", ""features.conv3"", ""features.conv4"", ""features.conv5"", ""features.conv6"", ""features.conv7"", ""features.conv8""]","[0.4221285084883372, 0.0519679511586825, 0.0347085086007913, 0.0384356714785099, 0.027683050682147343, 0.02393335911134879, 0.019085795618593693, 0.030350170408686]","{""features.conv1"": 0.10884061717293964, ""features.conv2"": 0.1887774309027906, ""features.conv3"": 0.19250463742847812, ""features.conv4"": 0.1916997501470067, ""features.conv5"": 0.19402179723896923, ""features.conv6"": 0.19483154963074656, ""features.conv7"": 0.1958783893663451, ""features.conv8"": 0.1934458281127242}","[58, 104, 207, 207, 413, 413, 412, 413]",ok,42,CIFAR100,VGG11BN,56.53,62.87,6.339999999999996,61.06199365608384,1.2150870006735204,1.3869015001546359,0.8761162927129587,
E-HRAP,0.3,56.53,26.82,49.32200352535308,47.55218471913237,9274532,4700147,152815616,80148452,5.033804655075073,"[""features.conv1"", ""features.conv2"", ""features.conv3"", ""features.conv4"", ""features.conv5"", ""features.conv6"", ""features.conv7"", ""features.conv8""]","[0.4081026415030162, 0.04782765731215477, 0.03809677685300509, 0.046242249508698784, 0.026575940971573193, 0.027053946008284886, 0.018412286105255287, 0.03420264398058256]","{""features.conv1"": 0.1674405568014963, ""features.conv2"": 0.2844646738883183, ""features.conv3"": 0.28762544758668346, ""features.conv4"": 0.28497964427639194, ""features.conv5"": 0.2913676326017066, ""features.conv6"": 0.29121236754074253, ""features.conv7"": 0.2940193418373006, ""features.conv8"": 0.28889033546736015}","[54, 92, 183, 184, 363, 363, 362, 365]",ok,42,CIFAR100,VGG11BN,56.53,62.37,5.839999999999996,72.07736397351775,1.2150870006735204,1.3195934998293524,0.9208040209584644,
E-HRAP,0.4,56.53,14.03,62.14490391536737,60.23652713607489,9274532,3510883,152815616,60764796,5.198856830596924,"[""features.conv1"", ""features.conv2"", ""features.conv3"", ""features.conv4"", ""features.conv5"", ""features.conv6"", ""features.conv7"", ""features.conv8""]","[0.43192198872566223, 0.05131468052665392, 0.035413144156336784, 0.042445577681064606, 0.025374305124084156, 0.028104817494750023, 0.01920811242113511, 0.03496112301945686]","{""features.conv1"": 0.21915620595025, ""features.conv2"": 0.37851477405845824, ""features.conv3"": 0.38517267581732134, ""features.conv4"": 0.3822282275298733, ""features.conv5"": 0.38937589256903987, ""features.conv6"": 0.38823263932030416, ""features.conv7"": 0.39195764972044866, ""features.conv8"": 0.38536193503430455}","[50, 80, 158, 159, 313, 314, 312, 315]",ok,42,CIFAR100,VGG11BN,56.53,62.13,5.600000000000001,77.3997495683724,1.2150870006735204,1.3206359990363126,0.9200771458298783,
E-HRAP,0.5,56.53,7.79,73.02079501154344,70.86335993305815,9274532,2502195,152815616,44525336,5.044951915740967,"[""features.conv1"", ""features.conv2"", ""features.conv3"", ""features.conv4"", ""features.conv5"", ""features.conv6"", ""features.conv7"", ""features.conv8""]","[0.4027472535769145, 0.04858852798740069, 0.03680880616108576, 0.04317183171709379, 0.02660769720872243, 0.027500032136837643, 0.018829009185234707, 0.03290981364746889]","{""features.conv1"": 0.27876690104361423, ""features.conv2"": 0.47330983507668073, ""features.conv3"": 0.4797805542220867, ""features.conv4"": 0.4762852805734348, ""features.conv5"": 0.4853841255097357, ""features.conv6"": 0.4848939569990862, ""features.conv7"": 0.48965703672630456, ""features.conv8"": 0.4819223098490571}","[47, 68, 134, 135, 264, 264, 262, 266]",ok,42,CIFAR100,VGG11BN,56.53,62.25,5.719999999999999,74.58149420502849,1.2150870006735204,1.287756500460091,0.9435689124763826,
Uniform-Magnitude,0.1,51.04,47.94,10.791563303002745,17.24072253624969,2520228,2248256,41666560,34482944,2.218071222305298,"[""conv1"", ""conv2"", ""conv3""]","[NaN, NaN, NaN]","{""conv1"": 0.1, ""conv2"": 0.1, ""conv3"": 0.1}","[58, 116, 231]",ok,42,CIFAR100,SimpleCNN,51.04,57.55,6.509999999999998,89.05104599002837,0.6658805004917667,0.7035315002212883,0.9464828515600526,
Uniform-Magnitude,0.2,51.04,39.84,21.771561938046876,33.5901019906611,2520228,1971535,41666560,27670720,2.338991403579712,"[""conv1"", ""conv2"", ""conv3""]","[NaN, NaN, NaN]","{""conv1"": 0.2, ""conv2"": 0.2, ""conv3"": 0.2}","[52, 103, 205]",ok,42,CIFAR100,SimpleCNN,51.04,56.85,5.810000000000002,78.12944265736941,0.6658805004917667,0.7030410006336751,0.9471431963307768,
Uniform-Magnitude,0.3,51.04,26.66,32.13046597371349,48.56230031948882,2520228,1710467,41666560,21432320,2.104423999786377,"[""conv1"", ""conv2"", ""conv3""]","[NaN, NaN, NaN]","{""conv1"": 0.3, ""conv2"": 0.3, ""conv3"": 0.3}","[45, 90, 180]",ok,42,CIFAR100,SimpleCNN,51.04,56.55,5.509999999999998,93.02697329211951,0.6658805004917667,0.6571344993062667,1.0133093015124501,
Uniform-Magnitude,0.4,51.04,20.15,42.51623265831504,61.263516834603095,2520228,1448722,41666560,16140160,2.1380152702331543,"[""conv1"", ""conv2"", ""conv3""]","[NaN, NaN, NaN]","{""conv1"": 0.4, ""conv2"": 0.4, ""conv3"": 0.4}","[39, 77, 154]",ok,42,CIFAR100,SimpleCNN,51.04,55.79,4.75,83.82680630813081,0.6658805004917667,0.7383140000456478,0.9018933684727599,
Uniform-Magnitude,0.5,51.04,14.11,52.628889132253114,72.58785942492013,2520228,1193860,41666560,11421696,2.062164068222046,"[""conv1"", ""conv2"", ""conv3""]","[NaN, NaN, NaN]","{""conv1"": 0.5, ""conv2"": 0.5, ""conv3"": 0.5}","[32, 64, 128]",ok,42,CIFAR100,SimpleCNN,51.04,55.36,4.32,78.3790056756496,0.6658805004917667,0.6602610010304488,1.0085110273854547,
Adaptive-Magnitude,0.1,51.04,48.83,9.888152976635448,14.049520766773163,2520228,2271024,41666560,35812608,2.900216579437256,"[""conv1"", ""conv2"", ""conv3""]","[0.3986637095610301, 0.03984285953144232, 0.05035922179619471]","{""conv1"": 0.042915908232107336, ""conv2"": 0.09429495739079824, ""conv3"": 0.09278913437709445}","[62, 116, 233]",ok,42,CIFAR100,SimpleCNN,51.04,57.6,6.560000000000002,88.69199354745513,0.6658805004917667,0.720624499990663,0.9240325585660693,
Adaptive-Magnitude,0.2,51.04,44.51,19.962598622029436,27.875399361022364,2520228,2017125,41666560,30051840,2.893829822540283,"[""conv1"", ""conv2"", ""conv3""]","[0.3905976414680481, 0.04223190372188886, 0.05005243172248205]","{""conv1"": 0.08675562058626017, ""conv2"": 0.18775587658319914, ""conv3"": 0.1854885028305407}","[59, 104, 209]",ok,42,CIFAR100,SimpleCNN,51.04,56.98,5.939999999999998,62.466817252133254,0.6658805004917667,0.7130889998734347,0.9337971846571088,
Adaptive-Magnitude,0.3,51.04,35.18,29.44765314884209,40.36003932170066,2520228,1778080,41666560,24849920,2.6438920497894287,"[""conv1"", ""conv2"", ""conv3""]","[0.3734414577484131, 0.04108332780500253, 0.0501516064008077]","{""conv1"": 0.13123156785014287, ""conv2"": 0.28143331792095766, ""conv3"": 0.27733511422889945}","[56, 92, 186]",ok,42,CIFAR100,SimpleCNN,51.04,57.12,6.079999999999998,74.50508836512392,0.6658805004917667,0.667340999825683,0.9978114647020073,
Adaptive-Magnitude,0.4,51.04,26.6,39.38754747586329,51.43524207421971,2520228,1527572,41666560,20235264,2.715972423553467,"[""conv1"", ""conv2"", ""conv3""]","[0.40279216567675274, 0.04384088143706322, 0.0458212544520696]","{""conv1"": 0.17098015789308385, ""conv2"": 0.3750729219678968, ""conv3"": 0.3739469201390193}","[54, 80, 161]",ok,42,CIFAR100,SimpleCNN,51.04,56.11,5.07,74.92215659805612,0.6658805004917667,0.7498490003854386,0.8880194547828827,
Adaptive-Magnitude,0.5,51.04,23.97,48.380860779262825,61.605738510690585,2520228,1300920,41666560,15997568,2.8646020889282227,"[""conv1"", ""conv2"", ""conv3""]","[0.3501872917016347, 0.04204369460542997, 0.044831644743680954]","{""conv1"": 0.21956982046048784, ""conv2"": 0.466331385786693, ""conv3"": 0.46409879375281915}","[50, 69, 138]",ok,42,CIFAR100,SimpleCNN,51.04,55.86,4.82,65.91449487742229,0.6658805004917667,0.7152769994718255,0.9309407418153608,
Adaptive-Correlation,0.1,51.04,37.11,9.782726007329495,13.38458466453674,2520228,2273681,41666560,36089664,3.4360153675079346,"[""conv1"", ""conv2"", ""conv3""]","[0.37163790067036945, 0.04148147441446781, 0.05067037666837374]","{""conv1"": 0.04390852115945715, ""conv2"": 0.09373918203660989, ""conv3"": 0.09235229680393298}","[62, 117, 233]",ok,42,CIFAR100,SimpleCNN,51.04,56.78,5.740000000000002,201.06869992334123,0.6658805004917667,0.7341139998970903,0.9070532650039522,
Adaptive-Correlation,0.2,51.04,22.42,19.86681363749629,27.26022978618825,2520228,2019539,41666560,30308160,3.5407838821411133,"[""conv1"", ""conv2"", ""conv3""]","[0.3460629681746165, 0.042342676470677056, 0.04905702049533526]","{""conv1"": 0.08925039916521399, ""conv2"": 0.18644918714608674, ""conv3"": 0.18430041368869932}","[59, 105, 209]",ok,42,CIFAR100,SimpleCNN,51.04,56.55,5.509999999999998,171.79403110513712,0.6658805004917667,0.7269854995684,0.9159474307081635,
Adaptive-Correlation,0.3,51.04,9.1,29.805636632876073,40.506881297616125,2520228,1769058,41666560,24788736,3.4150283336639404,"[""conv1"", ""conv2"", ""conv3""]","[0.37306344509124756, 0.0364844873547554, 0.04853363583485285]","{""conv1"": 0.12897516753800348, ""conv2"": 0.2832742837192674, ""conv3"": 0.27775054874272914}","[56, 92, 185]",ok,42,CIFAR100,SimpleCNN,51.04,56.61,5.57,159.3993800071888,0.6658805004917667,1.078659499398782,0.6173222419706237,
Adaptive-Correlation,0.4,51.04,5.95,39.06356885170707,51.813713443106415,2520228,1535737,41666560,20077568,3.3572185039520264,"[""conv1"", ""conv2"", ""conv3""]","[0.38484928011894226, 0.041654800375302635, 0.05032959456245104]","{""conv1"": 0.17401386674191724, ""conv2"": 0.37554001591079333, ""conv3"": 0.3704461173472895}","[53, 80, 162]",ok,42,CIFAR100,SimpleCNN,51.04,55.74,4.700000000000003,127.45891239229206,0.6658805004917667,0.6604854997931398,1.0081682348822445,
Adaptive-Correlation,0.5,51.04,5.78,48.380860779262825,61.605738510690585,2520228,1300920,41666560,15997568,3.4710700511932373,"[""conv1"", ""conv2"", ""conv3""]","[0.36079256733258563, 0.04113134555518627, 0.0482122910519441]","{""conv1"": 0.21946846874081577, ""conv2"": 0.4680186334306868, ""conv3"": 0.46251289782849747}","[50, 69, 138]",ok,42,CIFAR100,SimpleCNN,51.04,55.9,4.859999999999999,103.59468432914407,0.6658805004917667,0.6804009999541449,0.9786589092853232,
E-HRAP,0.1,51.04,48.89,9.782726007329495,13.38458466453674,2520228,2273681,41666560,36089664,3.288285255432129,"[""conv1"", ""conv2"", ""conv3""]","[0.3765463133653005, 0.043456465005874634, 0.050414578368266426]","{""conv1"": 0.04396838986072841, ""conv2"": 0.0935335027357502, ""conv3"": 0.0924981074035214}","[62, 117, 233]",ok,42,CIFAR100,SimpleCNN,51.04,57.21,6.170000000000002,85.04786900672083,0.6658805004917667,0.6867294996482087,0.9696401579266329,
E-HRAP,0.2,51.04,42.0,19.504187716349474,27.095416564266404,2520228,2028678,41666560,30376832,3.413118362426758,"[""conv1"", ""conv2"", ""conv3""]","[0.3327495853106181, 0.03854896624883016, 0.05014297862847646]","{""conv1"": 0.08946285876782512, ""conv2"": 0.18719429650791722, ""conv3"": 0.1833428447242577}","[59, 105, 210]",ok,42,CIFAR100,SimpleCNN,51.04,57.28,6.240000000000002,78.34215001525786,0.6658805004917667,0.8431659998677787,0.789738320326231,
E-HRAP,0.3,51.04,28.61,29.805636632876073,40.506881297616125,2520228,1769058,41666560,24788736,3.505906105041504,"[""conv1"", ""conv2"", ""conv3""]","[0.38312644759813946, 0.04174813131491343, 0.04804481565952301]","{""conv1"": 0.12987258522496029, ""conv2"": 0.28146172968005356, ""conv3"": 0.2786656850949861}","[56, 92, 185]",ok,42,CIFAR100,SimpleCNN,51.04,56.55,5.509999999999998,93.74065833300051,0.6658805004917667,0.6783054996049032,0.9816822963688578,
E-HRAP,0.4,51.04,15.81,39.38754747586329,51.43524207421971,2520228,1527572,41666560,20235264,3.5318968296051025,"[""conv1"", ""conv2"", ""conv3""]","[0.3791244526704152, 0.041100760300954185, 0.044224693129460015]","{""conv1"": 0.17143962060642415, ""conv2"": 0.37522184258603597, ""conv3"": 0.3733385368075399}","[54, 80, 161]",ok,42,CIFAR100,SimpleCNN,51.04,55.85,4.810000000000002,101.65649441498363,0.6658805004917667,0.6615600004806765,1.0065307757542037,
E-HRAP,0.5,51.04,12.63,48.380860779262825,61.605738510690585,2520228,1300920,41666560,15997568,3.488074779510498,"[""conv1"", ""conv2"", ""conv3""]","[0.34101643164952594, 0.04353496804833412, 0.047107599675655365]","{""conv1"": 0.22349527925848872, ""conv2"": 0.4647007502703954, ""conv3"": 0.4618039704711159}","[50, 69, 138]",ok,42,CIFAR100,SimpleCNN,51.04,54.96,3.9200000000000017,87.49327589091519,0.6658805004917667,0.6851234993519029,0.9719130946780555,
Uniform-Magnitude,0.1,95.19437615242778,92.55915795943454,9.059212989129238,8.129137878583547,272474,247790,40813184,37495424,5.436854839324951,"[""block1.conv1"", ""block2.conv1"", ""block3.conv1"", ""block4.conv1"", ""block5.conv1"", ""block6.conv1"", ""block7.conv1"", ""block8.conv1"", ""block9.conv1""]","[NaN, NaN, NaN, NaN, NaN, NaN, NaN, NaN, NaN]","{""block1.conv1"": 0.1, ""block2.conv1"": 0.1, ""block3.conv1"": 0.1, ""block4.conv1"": 0.1, ""block5.conv1"": 0.1, ""block6.conv1"": 0.1, ""block7.conv1"": 0.1, ""block8.conv1"": 0.1, ""block9.conv1"": 0.1}","[15, 15, 15, 29, 29, 29, 58, 58, 58]",ok,42,SVHN,ResNet20,95.19437615242778,95.80132145052244,0.6069452980946579,35.78857782655496,2.4981459991977317,2.733078499659314,0.9140410710885666,
Uniform-Magnitude,0.2,95.19437615242778,85.17977873386602,18.437722498293414,18.42604585812271,272474,222236,40813184,33292928,5.538214445114136,"[""block1.conv1"", ""block2.conv1"", ""block3.conv1"", ""block4.conv1"", ""block5.conv1"", ""block6.conv1"", ""block7.conv1"", ""block8.conv1"", ""block9.conv1""]","[NaN, NaN, NaN, NaN, NaN, NaN, NaN, NaN, NaN]","{""block1.conv1"": 0.2, ""block2.conv1"": 0.2, ""block3.conv1"": 0.2, ""block4.conv1"": 0.2, ""block5.conv1"": 0.2, ""block6.conv1"": 0.2, ""block7.conv1"": 0.2, ""block8.conv1"": 0.2, ""block9.conv1"": 0.2}","[13, 13, 13, 26, 26, 26, 52, 52, 52]",ok,42,SVHN,ResNet20,95.19437615242778,95.85894283958206,0.6645666871542772,57.92019110117585,2.4981459991977317,2.687350499400054,0.9295944089747273,
Uniform-Magnitude,0.3,95.19437615242778,73.14074984634296,28.661817274308742,27.051964384841916,272474,194378,40813184,29772416,5.485974073410034,"[""block1.conv1"", ""block2.conv1"", ""block3.conv1"", ""block4.conv1"", ""block5.conv1"", ""block6.conv1"", ""block7.conv1"", ""block8.conv1"", ""block9.conv1""]","[NaN, NaN, NaN, NaN, NaN, NaN, NaN, NaN, NaN]","{""block1.conv1"": 0.3, ""block2.conv1"": 0.3, ""block3.conv1"": 0.3, ""block4.conv1"": 0.3, ""block5.conv1"": 0.3, ""block6.conv1"": 0.3, ""block7.conv1"": 0.3, ""block8.conv1"": 0.3, ""block9.conv1"": 0.3}","[12, 12, 12, 23, 23, 23, 45, 45, 45]",ok,42,SVHN,ResNet20,95.19437615242778,96.00875845113706,0.8143822987092761,79.78561996238818,2.4981459991977317,2.7256439989287173,0.9165342209692825,
Uniform-Magnitude,0.4,95.19437615242778,27.758143822987094,38.04032678347292,37.34887236438108,272474,168824,40813184,25569920,5.326629161834717,"[""block1.conv1"", ""block2.conv1"", ""block3.conv1"", ""block4.conv1"", ""block5.conv1"", ""block6.conv1"", ""block7.conv1"", ""block8.conv1"", ""block9.conv1""]","[NaN, NaN, NaN, NaN, NaN, NaN, NaN, NaN, NaN]","{""block1.conv1"": 0.4, ""block2.conv1"": 0.4, ""block3.conv1"": 0.4, ""block4.conv1"": 0.4, ""block5.conv1"": 0.4, ""block6.conv1"": 0.4, ""block7.conv1"": 0.4, ""block8.conv1"": 0.4, ""block9.conv1"": 0.4}","[10, 10, 10, 20, 20, 20, 39, 39, 39]",ok,42,SVHN,ResNet20,95.19437615242778,95.82052858020897,0.626152427781193,178.92166159516907,2.4981459991977317,2.572746499936329,0.9710035556396855,
Uniform-Magnitude,0.5,95.19437615242778,20.686078672403195,49.16725999544911,49.13612228832722,272474,138506,40813184,20759168,5.522797346115112,"[""block1.conv1"", ""block2.conv1"", ""block3.conv1"", ""block4.conv1"", ""block5.conv1"", ""block6.conv1"", ""block7.conv1"", ""block8.conv1"", ""block9.conv1""]","[NaN, NaN, NaN, NaN, NaN, NaN, NaN, NaN, NaN]","{""block1.conv1"": 0.5, ""block2.conv1"": 0.5, ""block3.conv1"": 0.5, ""block4.conv1"": 0.5, ""block5.conv1"": 0.5, ""block6.conv1"": 0.5, ""block7.conv1"": 0.5, ""block8.conv1"": 0.5, ""block9.conv1"": 0.5}","[8, 8, 8, 16, 16, 16, 32, 32, 32]",ok,42,SVHN,ResNet20,95.19437615242778,95.87430854333128,0.6799323909035024,152.92336786285722,2.4981459991977317,2.5125735010078643,0.9942578787031124,
Adaptive-Magnitude,0.1,95.19437615242778,93.5118315918869,8.105727518955938,7.451709722034919,272474,250388,40813184,37771904,7.009382963180542,"[""block1.conv1"", ""block2.conv1"", ""block3.conv1"", ""block4.conv1"", ""block5.conv1"", ""block6.conv1"", ""block7.conv1"", ""block8.conv1"", ""block9.conv1""]","[0.05056390476723512, 0.020379413850605488, 0.0073585159455736475, 0.010755563465257486, 0.017734906325737636, 0.013467971545954546, 0.014887848558525244, 0.01731446571648121, 0.0016702383290976286]","{""block1.conv1"": 0.07703621371222774, ""block2.conv1"": 0.0907446130497694, ""block3.conv1"": 0.09665810248739305, ""block4.conv1"": 0.09511532066287748, ""block5.conv1"": 0.09194562602368873, ""block6.conv1"": 0.09388347039781024, ""block7.conv1"": 0.09323862794702067, ""block8.conv1"": 0.0921365706974063, ""block9.conv1"": 0.09924145502180644}","[15, 15, 15, 29, 30, 29, 59, 59, 58]",ok,42,SVHN,ResNet20,95.19437615242778,95.94345421020283,0.7490780577750513,29.99882012600806,2.4981459991977317,2.6736345007520868,0.9343633164873544,
Adaptive-Magnitude,0.2,95.19437615242778,88.32974800245852,17.58920117148792,16.438923265580062,272474,224548,40813184,34103936,7.938305139541626,"[""block1.conv1"", ""block2.conv1"", ""block3.conv1"", ""block4.conv1"", ""block5.conv1"", ""block6.conv1"", ""block7.conv1"", ""block8.conv1"", ""block9.conv1""]","[0.04200436112781366, 0.020830000129838783, 0.008364745105306307, 0.010587888769805431, 0.01336566669245561, 0.009106946953882774, 0.0073360611374179525, 0.018389288956920307, 0.0018094614691411455]","{""block1.conv1"": 0.1553804285294624, ""block2.conv1"": 0.17787311472976508, ""block3.conv1"": 0.19111446211684185, ""block4.conv1"": 0.18875290453177224, ""block5.conv1"": 0.18580218091115036, ""block6.conv1"": 0.19032605044864975, ""block7.conv1"": 0.19220719240944467, ""block8.conv1"": 0.1804657856738034, ""block9.conv1"": 0.19807788064911036}","[14, 14, 13, 26, 27, 26, 52, 53, 52]",ok,42,SVHN,ResNet20,95.19437615242778,95.85510141364475,0.6607252612169674,42.783940770345055,2.4981459991977317,2.6079394992848393,0.957900288669574,
Adaptive-Magnitude,0.3,95.19437615242778,73.29824830977259,26.43701784390437,25.155165546505756,272474,200440,40813184,30546560,6.950272798538208,"[""block1.conv1"", ""block2.conv1"", ""block3.conv1"", ""block4.conv1"", ""block5.conv1"", ""block6.conv1"", ""block7.conv1"", ""block8.conv1"", ""block9.conv1""]","[0.051010433584451675, 0.01739131969710191, 0.006310733268037438, 0.01209719975789388, 0.011722284990052382, 0.013198896466443935, 0.014571422711014748, 0.017265002243220806, 0.002314418088644743]","{""block1.conv1"": 0.22656933488450007, ""block2.conv1"": 0.27496480459276584, ""block3.conv1"": 0.2909155576874032, ""block4.conv1"": 0.28258580917987, ""block5.conv1"": 0.2831255074107945, ""block6.conv1"": 0.28099989201783576, ""block7.conv1"": 0.2790241096544011, ""block8.conv1"": 0.275146641405402, ""block9.conv1"": 0.2966683431670275}","[13, 12, 12, 23, 23, 24, 47, 47, 46]",ok,42,SVHN,ResNet20,95.19437615242778,95.78979717271051,0.5954210202827284,85.0759680828518,2.4981459991977317,2.6201300006505335,0.9534435308849121,
Adaptive-Magnitude,0.4,95.19437615242778,40.815150583896745,36.184736892327344,34.052055335844415,272474,173880,40813184,26915456,6.974523067474365,"[""block1.conv1"", ""block2.conv1"", ""block3.conv1"", ""block4.conv1"", ""block5.conv1"", ""block6.conv1"", ""block7.conv1"", ""block8.conv1"", ""block9.conv1""]","[0.04775245115160942, 0.014280947546164194, 0.007885336099813381, 0.015502115401128927, 0.01981429010629654, 0.011336027955015501, 0.013039151517053446, 0.016556610353291035, 0.0022480043893059096]","{""block1.conv1"": 0.3099101019333212, ""block2.conv1"": 0.3730575273582337, ""block3.conv1"": 0.3851235044836071, ""block4.conv1"": 0.37075366891907646, ""block5.conv1"": 0.36261830894769276, ""block6.conv1"": 0.37861342028902434, ""block7.conv1"": 0.37540030296418125, ""block8.conv1"": 0.3687642560101873, ""block9.conv1"": 0.3957589090946761}","[12, 11, 10, 21, 21, 20, 40, 41, 39]",ok,42,SVHN,ResNet20,95.19437615242778,95.9741856177013,0.7798094652735159,152.43729752115604,2.4981459991977317,2.527050501157646,0.9885619610899453,
Adaptive-Magnitude,0.5,95.19437615242778,20.171327596803934,45.45681422814654,43.62637328173171,272474,148616,40813184,23007872,7.057166576385498,"[""block1.conv1"", ""block2.conv1"", ""block3.conv1"", ""block4.conv1"", ""block5.conv1"", ""block6.conv1"", ""block7.conv1"", ""block8.conv1"", ""block9.conv1""]","[0.05040359745422999, 0.01886572999258836, 0.009078694507479668, 0.015737365931272507, 0.019430396457513172, 0.010740301882227262, 0.012592991503576437, 0.018285513234635193, 0.0019790781661868095]","{""block1.conv1"": 0.3877165862989535, ""block2.conv1"": 0.45797306794512804, ""block3.conv1"": 0.479775514789903, ""block4.conv1"": 0.4649420823378643, ""block5.conv1"": 0.4567151680830828, ""block6.conv1"": 0.4760739744695536, ""block7.conv1"": 0.4719467628076779, ""block8.conv1"": 0.45926560898505475, ""block9.conv1"": 0.49559123428278207}","[10, 9, 9, 18, 18, 17, 34, 35, 33]",ok,42,SVHN,ResNet20,95.19437615242778,95.73217578365089,0.537799631223109,166.22556919103275,2.4981459991977317,2.602722999654361,0.9598201574003392,
Adaptive-Correlation,0.1,95.19437615242778,81.85310387215735,8.264274756490527,7.316224090725193,272474,249956,40813184,37827200,8.704378366470337,"[""block1.conv1"", ""block2.conv1"", ""block3.conv1"", ""block4.conv1"", ""block5.conv1"", ""block6.conv1"", ""block7.conv1"", ""block8.conv1"", ""block9.conv1""]","[0.026894140678147476, 0.03119850515698393, 0.006186283814410369, 0.015232288589080175, 0.01611842370281617, 0.009784515791883072, 0.01114740502089262, 0.012645634512106577, 0.0018678031240900357]","{""block1.conv1"": 0.08563730809183309, ""block2.conv1"": 0.08333858207526924, ""block3.conv1"": 0.09669624363365321, ""block4.conv1"": 0.09186526646530821, ""block5.conv1"": 0.0913920300908908, ""block6.conv1"": 0.09477462442577322, ""block7.conv1"": 0.09404677971284925, ""block8.conv1"": 0.09324665715650671, ""block9.conv1"": 0.0990025083479163}","[15, 15, 15, 30, 30, 29, 58, 59, 58]",ok,42,SVHN,ResNet20,95.19437615242778,95.75138291333744,0.5570067609096583,168.17300308493222,2.4981459991977317,2.680430001419154,0.9319944926280813,
Adaptive-Correlation,0.2,95.19437615242778,58.466502765826675,17.323487745619765,15.851818863237918,272474,225272,40813184,34343552,8.447741746902466,"[""block1.conv1"", ""block2.conv1"", ""block3.conv1"", ""block4.conv1"", ""block5.conv1"", ""block6.conv1"", ""block7.conv1"", ""block8.conv1"", ""block9.conv1""]","[0.05318757270773252, 0.01641593190530936, 0.0065666295898457365, 0.0147870151946942, 0.014182593983908495, 0.01393609152485927, 0.013245335469643274, 0.012049545533955097, 0.0021369692403823137]","{""block1.conv1"": 0.1491749516659006, ""block2.conv1"": 0.1843132429238431, ""block3.conv1"": 0.19372505174977622, ""block4.conv1"": 0.18586980522466798, ""block5.conv1"": 0.18644737881354267, ""block6.conv1"": 0.18668293194668706, ""block7.conv1"": 0.18734300549594154, ""block8.conv1"": 0.18848567996263976, ""block9.conv1"": 0.1979579522170012}","[14, 14, 13, 27, 27, 27, 53, 52, 52]",ok,42,SVHN,ResNet20,95.19437615242778,95.8819913952059,0.6876152427781221,215.98126877677802,2.4981459991977317,2.6953820015478414,0.9268244715454635,
Adaptive-Correlation,0.3,95.19437615242778,26.61339889366933,27.019091729853123,25.200327423609,272474,198854,40813184,30528128,8.465158462524414,"[""block1.conv1"", ""block2.conv1"", ""block3.conv1"", ""block4.conv1"", ""block5.conv1"", ""block6.conv1"", ""block7.conv1"", ""block8.conv1"", ""block9.conv1""]","[0.05120014647642771, 0.016772760699192684, 0.0056716652276615305, 0.012801216604808966, 0.016674007909993332, 0.009282756907244524, 0.011790393541256586, 0.014620825958748659, 0.0018628497297565143]","{""block1.conv1"": 0.22356917214426444, ""block2.conv1"": 0.2749618687857534, ""block3.conv1"": 0.29153342131803595, ""block4.conv1"": 0.28089053157071353, ""block5.conv1"": 0.275109285501349, ""block6.conv1"": 0.2861428366121786, ""block7.conv1"": 0.2823994734171699, ""block8.conv1"": 0.2781742454100933, ""block9.conv1"": 0.29721916524044173}","[13, 12, 12, 24, 24, 23, 46, 47, 45]",ok,42,SVHN,ResNet20,95.19437615242778,95.77827289489859,0.583896742470813,255.98519259183567,2.4981459991977317,2.66964250113233,0.9357604990698725,
Adaptive-Correlation,0.4,95.19437615242778,19.149508297480025,36.185470907315924,35.0004547550125,272474,173878,40813184,26528384,8.492486953735352,"[""block1.conv1"", ""block2.conv1"", ""block3.conv1"", ""block4.conv1"", ""block5.conv1"", ""block6.conv1"", ""block7.conv1"", ""block8.conv1"", ""block9.conv1""]","[0.03601696031788985, 0.013447152140239874, 0.005676680865387122, 0.017503919079899788, 0.009502631146460772, 0.011065583365658918, 0.013942577255268892, 0.0164584598193566, 0.0025350923727576933]","{""block1.conv1"": 0.320056882074518, ""block2.conv1"": 0.37015274859896685, ""block3.conv1"": 0.3874000591987337, ""block4.conv1"": 0.3611483630264192, ""block5.conv1"": 0.3789079934664409, ""block6.conv1"": 0.37543887024037037, ""block7.conv1"": 0.36905310476327263, ""block8.conv1"": 0.3634688607090173, ""block9.conv1"": 0.3943731179222614}","[11, 11, 10, 21, 20, 20, 41, 41, 39]",ok,42,SVHN,ResNet20,95.19437615242778,95.82437000614628,0.6299938537185028,211.89405522746495,2.4981459991977317,2.5480640015302924,0.9804094393615774,
Adaptive-Correlation,0.5,95.19437615242778,6.734019668100799,45.191834817266965,43.03926887938956,272474,149338,40813184,23247488,8.377645492553711,"[""block1.conv1"", ""block2.conv1"", ""block3.conv1"", ""block4.conv1"", ""block5.conv1"", ""block6.conv1"", ""block7.conv1"", ""block8.conv1"", ""block9.conv1""]","[0.056399201353391014, 0.016212906998892624, 0.006468667183071375, 0.00930829889451464, 0.020327039683858555, 0.010525232801834742, 0.013605389433602491, 0.016180253587663174, 0.0023264546568195024]","{""block1.conv1"": 0.36957865064330836, ""block2.conv1"": 0.46250817109021014, ""block3.conv1"": 0.48504141402164036, ""block4.conv1"": 0.47847485650672233, ""block5.conv1"": 0.4529943708354222, ""block6.conv1"": 0.4756607357663219, ""block7.conv1"": 0.46853797206568026, ""block8.conv1"": 0.4625836810593489, ""block9.conv1"": 0.49462014801134563}","[11, 9, 9, 17, 18, 17, 35, 35, 33]",ok,42,SVHN,ResNet20,95.19437615242778,95.87046711739397,0.6760909649661926,197.24016032921898,2.4981459991977317,2.5890625001920853,0.9648843931007427,
E-HRAP,0.1,95.19437615242778,94.20712968653964,7.734315934731387,6.819443442589532,272474,251400,40813184,38029952,8.36457872390747,"[""block1.conv1"", ""block2.conv1"", ""block3.conv1"", ""block4.conv1"", ""block5.conv1"", ""block6.conv1"", ""block7.conv1"", ""block8.conv1"", ""block9.conv1""]","[0.042092827459176384, 0.015146090338627497, 0.006066053795317809, 0.01228755060583353, 0.013787766918540001, 0.012626062457760176, 0.014887007108579079, 0.012752320927878221, 0.0018280794999251764]","{""block1.conv1"": 0.07758869950892333, ""block2.conv1"": 0.09193583319692215, ""block3.conv1"": 0.09677027744135858, ""block4.conv1"": 0.09345779303626674, ""block5.conv1"": 0.0926590394096949, ""block6.conv1"": 0.09327756064772795, ""block7.conv1"": 0.09207377575082745, ""block8.conv1"": 0.09321033740129472, ""block9.conv1"": 0.09902668360698424}","[15, 15, 15, 30, 30, 30, 59, 59, 58]",ok,42,SVHN,ResNet20,95.19437615242778,96.05485556238476,0.8604794099569801,23.889971542897488,2.4981459991977317,2.658551000422449,0.9396645010010233,
E-HRAP,0.2,95.19437615242778,87.00829748002458,17.58920117148792,16.438923265580062,272474,224548,40813184,34103936,8.836180210113525,"[""block1.conv1"", ""block2.conv1"", ""block3.conv1"", ""block4.conv1"", ""block5.conv1"", ""block6.conv1"", ""block7.conv1"", ""block8.conv1"", ""block9.conv1""]","[0.06457728023330371, 0.0234897347788016, 0.006811172390977542, 0.013363610642651716, 0.015637279488146305, 0.009432793129235506, 0.011755829366544882, 0.01850427221506834, 0.00160601909738034]","{""block1.conv1"": 0.14526619945427513, ""block2.conv1"": 0.18009079271208062, ""block3.conv1"": 0.19422705091042142, ""block4.conv1"": 0.18867339725607696, ""block5.conv1"": 0.1867463025155315, ""block6.conv1"": 0.1920050423947957, ""block7.conv1"": 0.19003610530710757, ""block8.conv1"": 0.18431632392995975, ""block9.conv1"": 0.19863878551975148}","[14, 14, 13, 26, 27, 26, 52, 53, 52]",ok,42,SVHN,ResNet20,95.19437615242778,95.85510141364475,0.6607252612169674,50.29679203374413,2.4981459991977317,2.6069704981637187,0.9582563366011851,
E-HRAP,0.3,95.19437615242778,71.46972956361401,26.96624265067493,25.110003669402516,272474,198998,40813184,30564992,8.416365385055542,"[""block1.conv1"", ""block2.conv1"", ""block3.conv1"", ""block4.conv1"", ""block5.conv1"", ""block6.conv1"", ""block7.conv1"", ""block8.conv1"", ""block9.conv1""]","[0.038657146195570626, 0.021262436484297115, 0.009704045796145996, 0.010638779339691004, 0.01649458489070336, 0.013521198648959398, 0.011089007991055647, 0.01320382518072923, 0.0018216507354130347]","{""block1.conv1"": 0.24048066961483, ""block2.conv1"": 0.26726281925985584, ""block3.conv1"": 0.285058951199046, ""block4.conv1"": 0.28361976801881605, ""block5.conv1"": 0.27460374744919747, ""block6.conv1"": 0.27918178735906946, ""block7.conv1"": 0.2829265635149483, ""block8.conv1"": 0.2796704384409551, ""block9.conv1"": 0.29719525514328166}","[13, 12, 12, 23, 24, 24, 46, 47, 45]",ok,42,SVHN,ResNet20,95.19437615242778,95.94345421020283,0.7490780577750513,90.75689544007079,2.4981459991977317,2.617383501274162,0.954444007911571,
E-HRAP,0.4,95.19437615242778,21.71558082360172,36.344018144850516,34.32302659846387,272474,173446,40813184,26804864,8.440772771835327,"[""block1.conv1"", ""block2.conv1"", ""block3.conv1"", ""block4.conv1"", ""block5.conv1"", ""block6.conv1"", ""block7.conv1"", ""block8.conv1"", ""block9.conv1""]","[0.060685803492863975, 0.015806841664016247, 0.009988557392110428, 0.011308128014206886, 0.024408988033731777, 0.011481810516367355, 0.011698549923797449, 0.018732665417095024, 0.0022581161465495825]","{""block1.conv1"": 0.29786572056766975, ""block2.conv1"": 0.3733970666855375, ""block3.conv1"": 0.3831892460329435, ""block4.conv1"": 0.38096840710702007, ""block5.conv1"": 0.3589196441175782, ""block6.conv1"": 0.38067609924938006, ""block7.conv1"": 0.3803113265689777, ""block8.conv1"": 0.3684729018303777, ""block9.conv1"": 0.3961995878405158}","[12, 11, 10, 20, 21, 20, 40, 41, 39]",ok,42,SVHN,ResNet20,95.19437615242778,95.69760295021511,0.5032267977873346,203.56038188115343,2.4981459991977317,2.53496100231132,0.9854770929099023,
E-HRAP,0.5,95.19437615242778,11.612630608481869,45.8803408765607,43.807020790144676,272474,147462,40813184,22934144,8.774229764938354,"[""block1.conv1"", ""block2.conv1"", ""block3.conv1"", ""block4.conv1"", ""block5.conv1"", ""block6.conv1"", ""block7.conv1"", ""block8.conv1"", ""block9.conv1""]","[0.0530250109732151, 0.017060109103719395, 0.0078955238374571, 0.01522312747935454, 0.020976963452994823, 0.010298458393663168, 0.013088524341583252, 0.01340097157905499, 0.00191962206736207]","{""block1.conv1"": 0.3786123432752174, ""block2.conv1"": 0.46094509685974966, ""block3.conv1"": 0.4819251496670559, ""block4.conv1"": 0.4651504122521552, ""block5.conv1"": 0.4519784269342877, ""block6.conv1"": 0.47642422492065273, ""block7.conv1"": 0.47003705853804306, ""block8.conv1"": 0.46932178781370537, ""block9.conv1"": 0.4956054997391331}","[10, 9, 9, 18, 18, 17, 34, 34, 33]",ok,42,SVHN,ResNet20,95.19437615242778,95.77827289489859,0.583896742470813,183.4459829164329,2.4981459991977317,2.6046109978778986,0.9591244148293511,
Uniform-Magnitude,0.1,95.12523048555624,95.09834050399509,18.841534391477058,18.492140998582336,9228362,7489597,152769536,124519178,5.376401901245117,"[""features.conv1"", ""features.conv2"", ""features.conv3"", ""features.conv4"", ""features.conv5"", ""features.conv6"", ""features.conv7"", ""features.conv8""]","[NaN, NaN, NaN, NaN, NaN, NaN, NaN, NaN]","{""features.conv1"": 0.1, ""features.conv2"": 0.1, ""features.conv3"": 0.1, ""features.conv4"": 0.1, ""features.conv5"": 0.1, ""features.conv6"": 0.1, ""features.conv7"": 0.1, ""features.conv8"": 0.1}","[58, 116, 231, 231, 461, 461, 461, 461]",ok,42,SVHN,VGG11BN,95.12523048555624,95.78979717271051,0.664566687154263,3.6698532844978766,1.1942299988731975,1.3670245007233461,0.8735980944315802,
Uniform-Magnitude,0.2,95.12523048555624,95.13675476336816,35.83327138662311,35.4822547867135,9228362,5921538,152769536,98563460,5.427516222000122,"[""features.conv1"", ""features.conv2"", ""features.conv3"", ""features.conv4"", ""features.conv5"", ""features.conv6"", ""features.conv7"", ""features.conv8""]","[NaN, NaN, NaN, NaN, NaN, NaN, NaN, NaN]","{""features.conv1"": 0.2, ""features.conv2"": 0.2, ""features.conv3"": 0.2, ""features.conv4"": 0.2, ""features.conv5"": 0.2, ""features.conv6"": 0.2, ""features.conv7"": 0.2, ""features.conv8"": 0.2}","[52, 103, 205, 205, 410, 410, 410, 410]",ok,42,SVHN,VGG11BN,95.12523048555624,95.9319299323909,0.8066994468346564,2.219097331201491,1.1942299988731975,1.3739195019297767,0.8692139511782231,
Uniform-Magnitude,0.3,95.12523048555624,94.71035648432698,50.76164112331094,50.437680192993454,9228362,4543894,152769536,75716126,5.309810161590576,"[""features.conv1"", ""features.conv2"", ""features.conv3"", ""features.conv4"", ""features.conv5"", ""features.conv6"", ""features.conv7"", ""features.conv8""]","[NaN, NaN, NaN, NaN, NaN, NaN, NaN, NaN]","{""features.conv1"": 0.3, ""features.conv2"": 0.3, ""features.conv3"": 0.3, ""features.conv4"": 0.3, ""features.conv5"": 0.3, ""features.conv6"": 0.3, ""features.conv7"": 0.3, ""features.conv8"": 0.3}","[45, 90, 180, 180, 359, 359, 359, 359]",ok,42,SVHN,VGG11BN,95.12523048555624,95.76290719114935,0.6376767055931083,2.073515913848217,1.1942299988731975,1.2906484989798628,0.9252945320256637,
Uniform-Magnitude,0.4,95.12523048555624,94.25706822372464,63.776193434977955,63.46672153275375,9228362,3342864,152769536,55811720,5.658396005630493,"[""features.conv1"", ""features.conv2"", ""features.conv3"", ""features.conv4"", ""features.conv5"", ""features.conv6"", ""features.conv7"", ""features.conv8""]","[NaN, NaN, NaN, NaN, NaN, NaN, NaN, NaN]","{""features.conv1"": 0.4, ""features.conv2"": 0.4, ""features.conv3"": 0.4, ""features.conv4"": 0.4, ""features.conv5"": 0.4, ""features.conv6"": 0.4, ""features.conv7"": 0.4, ""features.conv8"": 0.4}","[39, 77, 154, 154, 308, 308, 308, 308]",ok,42,SVHN,VGG11BN,95.12523048555624,95.97034419176399,0.8451137062077407,2.6863879384492977,1.1942299988731975,1.2141059996793047,0.9836291058512542,
Uniform-Magnitude,0.5,95.12523048555624,91.59880147510756,74.96645666912502,74.7095965520246,9228362,2310186,152769536,38636032,5.575683355331421,"[""features.conv1"", ""features.conv2"", ""features.conv3"", ""features.conv4"", ""features.conv5"", ""features.conv6"", ""features.conv7"", ""features.conv8""]","[NaN, NaN, NaN, NaN, NaN, NaN, NaN, NaN]","{""features.conv1"": 0.5, ""features.conv2"": 0.5, ""features.conv3"": 0.5, ""features.conv4"": 0.5, ""features.conv5"": 0.5, ""features.conv6"": 0.5, ""features.conv7"": 0.5, ""features.conv8"": 0.5}","[32, 64, 128, 128, 256, 256, 256, 256]",ok,42,SVHN,VGG11BN,95.12523048555624,95.76674861708666,0.6415181315304181,5.559749422831758,1.1942299988731975,1.2118674985686084,0.9854460164034077,
Adaptive-Magnitude,0.1,95.12523048555624,95.08681622618316,17.909700551408797,17.10955121314239,9228362,7575590,152769536,126631354,6.890082836151123,"[""features.conv1"", ""features.conv2"", ""features.conv3"", ""features.conv4"", ""features.conv5"", ""features.conv6"", ""features.conv7"", ""features.conv8""]","[0.1298980563879013, 0.03389032557606697, 0.044551139076550804, 0.028653655822078388, 0.02584813814610243, 0.028240757063031197, 0.01561537105590105, 0.01572396419942379]","{""features.conv1"": 0.07179820030395959, ""features.conv2"": 0.09264216724940269, ""features.conv3"": 0.09032762817701137, ""features.conv4"": 0.09377908581141171, ""features.conv5"": 0.09438818382058672, ""features.conv6"": 0.09386872909339139, ""features.conv7"": 0.09660979094727329, ""features.conv8"": 0.09658621459696326}","[60, 117, 233, 232, 464, 464, 463, 463]",ok,42,SVHN,VGG11BN,95.12523048555624,95.85894283958206,0.7337123540258119,4.311220118854304,1.1942299988731975,1.335937000476406,0.8939268831144922,
Adaptive-Magnitude,0.2,95.12523048555624,95.17132759680393,33.9667863050886,32.58874072904169,9228362,6093784,152769536,102983868,7.014327764511108,"[""features.conv1"", ""features.conv2"", ""features.conv3"", ""features.conv4"", ""features.conv5"", ""features.conv6"", ""features.conv7"", ""features.conv8""]","[0.10370088368654251, 0.0345199021200339, 0.05497164651751518, 0.03347305705149969, 0.02354726940393448, 0.026777393495043118, 0.015798456966876984, 0.015056868083775043]","{""features.conv1"": 0.15283957444410207, ""features.conv2"": 0.1843012593889785, ""features.conv3"": 0.17500034569511733, ""features.conv4"": 0.1847773369031528, ""features.conv5"": 0.18929132321450953, ""features.conv6"": 0.18782234801083142, ""features.conv7"": 0.19281527864375234, ""features.conv8"": 0.19315253369955615}","[55, 105, 212, 209, 416, 416, 414, 414]",ok,42,SVHN,VGG11BN,95.12523048555624,95.95113706207745,0.8259065765212057,2.2957999566673517,1.1942299988731975,1.3114105004206067,0.9106454451067564,
Adaptive-Magnitude,0.3,95.12523048555624,95.1060233558697,48.32524991975824,46.379265038809834,9228362,4768733,152769536,81916148,6.787742376327515,"[""features.conv1"", ""features.conv2"", ""features.conv3"", ""features.conv4"", ""features.conv5"", ""features.conv6"", ""features.conv7"", ""features.conv8""]","[0.07963547358910243, 0.04095120479663213, 0.07489583889643352, 0.04003627101580302, 0.022137456263105076, 0.026456085965037346, 0.02180987348159154, 0.008961928309872746]","{""features.conv1"": 0.2468901486695271, ""features.conv2"": 0.2726891509457853, ""features.conv3"": 0.25005106782456615, ""features.conv4"": 0.273299331244678, ""features.conv5"": 0.2852362652222709, ""features.conv6"": 0.2823561193389874, ""features.conv7"": 0.28545473410354333, ""features.conv8"": 0.29402318265064187}","[49, 94, 192, 187, 366, 368, 366, 362]",ok,42,SVHN,VGG11BN,95.12523048555624,95.86662569145666,0.7413952059004174,1.5739232323679864,1.1942299988731975,1.3558924983954057,0.8807704152699987,
Adaptive-Magnitude,0.4,95.12523048555624,94.54133374308543,61.70297610778598,59.50333055930732,9228362,3534188,152769536,61866574,6.839916944503784,"[""features.conv1"", ""features.conv2"", ""features.conv3"", ""features.conv4"", ""features.conv5"", ""features.conv6"", ""features.conv7"", ""features.conv8""]","[0.19280625383059183, 0.04848291849096616, 0.06397991627454758, 0.044432184348503746, 0.026726602266232174, 0.017970016847054165, 0.022253533825278282, 0.017492216390868027]","{""features.conv1"": 0.2756500249783951, ""features.conv2"": 0.368731046926396, ""features.conv3"": 0.3587362918341084, ""features.conv4"": 0.37134355912155, ""features.conv5"": 0.38276273586468584, ""features.conv6"": 0.38841027662913674, ""features.conv7"": 0.3856476316491933, ""features.conv8"": 0.38871843299653475}","[47, 81, 165, 161, 317, 314, 315, 313]",ok,42,SVHN,VGG11BN,95.12523048555624,95.74370006146282,0.6184695759065733,1.9486358587907169,1.1942299988731975,1.3268580005387776,0.9000435603420066,
Adaptive-Magnitude,0.5,95.12523048555624,93.85755992624462,72.58478806964877,70.17188557802518,9228362,2529975,152769536,45568272,6.798688650131226,"[""features.conv1"", ""features.conv2"", ""features.conv3"", ""features.conv4"", ""features.conv5"", ""features.conv6"", ""features.conv7"", ""features.conv8""]","[0.17004507780075073, 0.05578802153468132, 0.0573070893685023, 0.04210947826504707, 0.02054499400158723, 0.024664161105950672, 0.016274034045636654, 0.016313971330722172]","{""features.conv1"": 0.3523353288589749, ""features.conv2"": 0.45155449390202357, ""features.conv3"": 0.45023535749994015, ""features.conv4"": 0.4634327418332313, ""features.conv5"": 0.4821590261707339, ""features.conv6"": 0.4785820013976118, ""features.conv7"": 0.48586786564735146, ""features.conv8"": 0.485833184690133}","[42, 71, 141, 138, 266, 267, 264, 264]",ok,42,SVHN,VGG11BN,95.12523048555624,95.78211432083589,0.6568838352796433,2.651456931643255,1.1942299988731975,1.024548000714276,1.1656164455356173,
Adaptive-Correlation,0.1,95.12523048555624,93.9420712968654,17.728942579409,16.919830142051357,9228362,7592271,152769536,126921190,8.651213645935059,"[""features.conv1"", ""features.conv2"", ""features.conv3"", ""features.conv4"", ""features.conv5"", ""features.conv6"", ""features.conv7"", ""features.conv8""]","[0.10477407524983089, 0.03680457795659701, 0.05123607814311981, 0.05742118818064531, 0.018737611050407093, 0.03149888043602308, 0.017881358042359352, 0.016975638767083485]","{""features.conv1"": 0.07812841612957379, ""features.conv2"": 0.09231704587538557, ""features.conv3"": 0.0893044708089584, ""features.conv4"": 0.08801332934470794, ""features.conv5"": 0.09608852446902351, ""features.conv6"": 0.09342461001313283, ""features.conv7"": 0.0962672672490019, ""features.conv8"": 0.09645633611021612}","[59, 117, 234, 234, 463, 465, 463, 463]",ok,42,SVHN,VGG11BN,95.12523048555624,95.89351567301783,0.7682851874615864,11.007110928425657,1.1942299988731975,1.3707215002796147,0.8712418960595463,
Adaptive-Correlation,0.2,95.12523048555624,90.33113091579594,34.23061427369234,32.82599876457044,9228362,6069437,152769536,102621410,8.405428171157837,"[""features.conv1"", ""features.conv2"", ""features.conv3"", ""features.conv4"", ""features.conv5"", ""features.conv6"", ""features.conv7"", ""features.conv8""]","[0.1807793527841568, 0.034820438673098884, 0.042663694048921265, 0.045401348421971, 0.01882682057718436, 0.028662236407399178, 0.018488842993974686, 0.013325467395285765]","{""features.conv1"": 0.13391328756868695, ""features.conv2"": 0.18727084547056236, ""features.conv3"": 0.18440362111908348, ""features.conv4"": 0.18340282885767917, ""features.conv5"": 0.19311756205386002, ""features.conv6"": 0.18952207237208285, ""features.conv7"": 0.1932411150315968, ""features.conv8"": 0.1951286675264485}","[56, 105, 209, 210, 414, 415, 414, 413]",ok,42,SVHN,VGG11BN,95.12523048555624,95.70528580208973,0.580055316533489,15.699849390152657,1.1942299988731975,1.3703594995604362,0.8714720474855431,
Adaptive-Correlation,0.3,95.12523048555624,66.26843884449907,48.93858736794244,46.856676975179134,9228362,4712132,152769536,81186808,7.947625160217285,"[""features.conv1"", ""features.conv2"", ""features.conv3"", ""features.conv4"", ""features.conv5"", ""features.conv6"", ""features.conv7"", ""features.conv8""]","[0.15262473126252493, 0.0394025860975186, 0.04107052211960157, 0.0717585285504659, 0.017266505708297093, 0.018235998538633186, 0.010710431262850761, 0.018077520964046318]","{""features.conv1"": 0.21317494439183973, ""features.conv2"": 0.27758468302795697, ""features.conv3"": 0.2766358286930779, ""features.conv4"": 0.25917805600563393, ""features.conv5"": 0.29017744171681553, ""features.conv6"": 0.2896259172803148, ""features.conv7"": 0.2939070569868205, ""features.conv8"": 0.2897160718975405}","[51, 93, 186, 190, 364, 364, 362, 364]",ok,42,SVHN,VGG11BN,95.12523048555624,95.7859557467732,0.6607252612169532,60.315424882103926,1.1942299988731975,1.2809854997613002,0.9322744083330617,
Adaptive-Correlation,0.4,95.12523048555624,35.29886293792256,61.651493515317235,59.34121054082406,9228362,3538939,152769536,62114244,8.25228214263916,"[""features.conv1"", ""features.conv2"", ""features.conv3"", ""features.conv4"", ""features.conv5"", ""features.conv6"", ""features.conv7"", ""features.conv8""]","[0.17819997171560922, 0.052252234891057014, 0.05084339529275894, 0.051424807558457054, 0.02389397161702315, 0.02695495697359244, 0.015069247223436832, 0.012341433204710484]","{""features.conv1"": 0.27859265697316127, ""features.conv2"": 0.3644006396619319, ""features.conv3"": 0.3653604797266281, ""features.conv4"": 0.3649643645213223, ""features.conv5"": 0.3837210770548771, ""features.conv6"": 0.3816356328451653, ""features.conv7"": 0.3897333470415373, ""features.conv8"": 0.3915918021753768}","[47, 82, 163, 163, 316, 317, 313, 312]",ok,42,SVHN,VGG11BN,95.12523048555624,95.66687154271666,0.5416410571604189,97.91816087925875,1.1942299988731975,1.4222110021364642,0.8396995924509157,
Adaptive-Correlation,0.5,95.12523048555624,6.699446834665028,72.33610905163884,70.14907474746798,9228362,2552924,152769536,45603120,8.203516483306885,"[""features.conv1"", ""features.conv2"", ""features.conv3"", ""features.conv4"", ""features.conv5"", ""features.conv6"", ""features.conv7"", ""features.conv8""]","[0.15138635536034903, 0.05986029530564944, 0.03930977297325929, 0.04938748230536779, 0.03400656643013159, 0.022529604534308117, 0.01734045861909787, 0.016192161478102207]","{""features.conv1"": 0.36414487327505907, ""features.conv2"": 0.44628097106120435, ""features.conv3"": 0.4647231471020039, ""features.conv4"": 0.4556793434173733, ""features.conv5"": 0.4694822800849613, ""features.conv6"": 0.47978178236879, ""features.conv7"": 0.48443855658220597, ""features.conv8"": 0.48546904610840214}","[41, 71, 138, 140, 272, 267, 264, 264]",ok,42,SVHN,VGG11BN,95.12523048555624,95.51705593116165,0.3918254456054058,122.78460959669822,1.1942299988731975,1.1797759998444235,1.0122514774251044,
E-HRAP,0.1,95.12523048555624,95.11370620774431,17.95498486080195,17.05458082951826,9228362,7571411,152769536,126715332,8.071646213531494,"[""features.conv1"", ""features.conv2"", ""features.conv3"", ""features.conv4"", ""features.conv5"", ""features.conv6"", ""features.conv7"", ""features.conv8""]","[0.1737347443898519, 0.06520370269815128, 0.060416183123985924, 0.05868849282463392, 0.02631308262546857, 0.027714126432935398, 0.014768545205394426, 0.013415935759743055]","{""features.conv1"": 0.07237637898207902, ""features.conv2"": 0.0896326875857531, ""features.conv3"": 0.09039389759470712, ""features.conv4"": 0.09066859833020621, ""features.conv5"": 0.09581625065952185, ""features.conv6"": 0.09559348633392371, ""features.conv7"": 0.09765181859752586, ""features.conv8"": 0.09786688191628316}","[60, 117, 233, 233, 463, 464, 463, 462]",ok,42,SVHN,VGG11BN,95.12523048555624,95.75906576521204,0.6338352796557984,3.5943196971256226,1.1942299988731975,1.3643854999827454,0.8752878119038207,
E-HRAP,0.2,95.12523048555624,95.19821757836509,34.133923224945015,32.67221417757006,9228362,6078360,152769536,102856346,8.303222417831421,"[""features.conv1"", ""features.conv2"", ""features.conv3"", ""features.conv4"", ""features.conv5"", ""features.conv6"", ""features.conv7"", ""features.conv8""]","[0.1316339522600174, 0.05414670457442602, 0.060407561560471855, 0.04009002633392811, 0.021270425369342167, 0.02939085786541303, 0.017433542758226395, 0.012610690047343573]","{""features.conv1"": 0.1497831912840578, ""features.conv2"": 0.17934366734775556, ""features.conv3"": 0.17695522384766907, ""features.conv4"": 0.1847061252111364, ""features.conv5"": 0.1918855822244926, ""features.conv6"": 0.18878773248022285, ""features.conv7"": 0.19334930793385466, ""features.conv8"": 0.19518916967081115}","[55, 106, 211, 209, 414, 416, 414, 413]",ok,42,SVHN,VGG11BN,95.12523048555624,95.8397357098955,0.7145052243392627,1.8794151709511018,1.1942299988731975,1.390921001075185,0.8585893792314985,
E-HRAP,0.3,95.12523048555624,95.20590043023971,48.663294742880694,46.868560234417416,9228362,4737537,152769536,81168654,8.133211135864258,"[""features.conv1"", ""features.conv2"", ""features.conv3"", ""features.conv4"", ""features.conv5"", ""features.conv6"", ""features.conv7"", ""features.conv8""]","[0.1277866487701734, 0.03575687545041243, 0.06323291237155597, 0.033502926429112755, 0.0204344658801953, 0.027803625911474228, 0.015812907988826435, 0.014127449132502079]","{""features.conv1"": 0.22071331996039342, ""features.conv2"": 0.2778142398260104, ""features.conv3"": 0.2607664201274035, ""features.conv4"": 0.27921272813912656, ""features.conv5"": 0.28732120316468096, ""features.conv6"": 0.28274892398541, ""features.conv7"": 0.29018870133717395, ""features.conv8"": 0.29123446345980114}","[50, 93, 190, 185, 365, 368, 364, 363]",ok,42,SVHN,VGG11BN,95.12523048555624,95.8397357098955,0.7145052243392627,1.3024915041300749,1.1942299988731975,1.3171934988349676,0.9066473528220956,
E-HRAP,0.4,95.12523048555624,94.80639213275968,61.45674606176047,59.17038852562857,9228362,3556911,152769536,62375208,7.991123676300049,"[""features.conv1"", ""features.conv2"", ""features.conv3"", ""features.conv4"", ""features.conv5"", ""features.conv6"", ""features.conv7"", ""features.conv8""]","[0.15786298364400864, 0.0529104278733333, 0.06402759874860446, 0.04958193749189377, 0.029414504766464233, 0.029197335243225098, 0.01562297623604536, 0.013799366230765978]","{""features.conv1"": 0.2928229887172571, ""features.conv2"": 0.3640778262626596, ""features.conv3"": 0.3565301091168971, ""features.conv4"": 0.3663376191725068, ""features.conv5"": 0.3800297787583893, ""features.conv6"": 0.38017722041890517, ""features.conv7"": 0.38939318222885877, ""features.conv8"": 0.39063127532452646}","[46, 82, 165, 163, 318, 318, 313, 312]",ok,42,SVHN,VGG11BN,95.12523048555624,95.75906576521204,0.6338352796557984,1.550153064555318,1.1942299988731975,1.324973000009777,0.9013240261230872,
E-HRAP,0.5,95.12523048555624,93.6040258143823,72.36494407133141,69.9768558569164,9228362,2550263,152769536,45866218,8.151233673095703,"[""features.conv1"", ""features.conv2"", ""features.conv3"", ""features.conv4"", ""features.conv5"", ""features.conv6"", ""features.conv7"", ""features.conv8""]","[0.153269795080026, 0.04679127223789692, 0.05947883427143097, 0.05775612220168114, 0.026951865603526432, 0.02852677119274934, 0.012908088974654675, 0.018363244521121185]","{""features.conv1"": 0.3672318769061281, ""features.conv2"": 0.45946762120379736, ""features.conv3"": 0.4484771726490129, ""features.conv4"": 0.44996945133322735, ""features.conv5"": 0.4766532694312657, ""features.conv6"": 0.4752890263393897, ""features.conv7"": 0.48881852262542147, ""features.conv8"": 0.4840930595117576}","[41, 70, 142, 141, 268, 269, 262, 265]",ok,42,SVHN,VGG11BN,95.12523048555624,95.75522433927473,0.6299938537184886,2.9727080598196296,1.1942299988731975,1.2787904997821897,0.9338746253405894,
Uniform-Magnitude,0.1,94.03042409342348,93.88060848186846,10.992951660793723,17.25981055480379,2474058,2202086,41620480,34436864,5.365043640136719,"[""conv1"", ""conv2"", ""conv3""]","[NaN, NaN, NaN]","{""conv1"": 0.1, ""conv2"": 0.1, ""conv3"": 0.1}","[58, 116, 231]",ok,42,SVHN,SimpleCNN,94.03042409342348,95.159803318992,1.1293792255685275,11.636500155693208,0.7458275013050297,0.8458860011160141,0.8817116021792856,
Uniform-Magnitude,0.2,94.03042409342348,93.04317762753534,22.177855167502138,33.6272911797269,2474058,1925365,41620480,27624640,5.395632028579712,"[""conv1"", ""conv2"", ""conv3""]","[NaN, NaN, NaN]","{""conv1"": 0.2, ""conv2"": 0.2, ""conv3"": 0.2}","[52, 103, 205]",ok,42,SVHN,SimpleCNN,94.03042409342348,95.07913337430854,1.0487092808850633,9.180129148631753,0.7458275013050297,0.686581000991282,1.0862920765768465,
Uniform-Magnitude,0.3,94.03042409342348,92.0098340503995,32.73007342592615,48.61606593676959,2474058,1664297,41620480,21386240,5.413038015365601,"[""conv1"", ""conv2"", ""conv3""]","[NaN, NaN, NaN]","{""conv1"": 0.3, ""conv2"": 0.3, ""conv3"": 0.3}","[45, 90, 180]",ok,42,SVHN,SimpleCNN,94.03042409342348,94.79486785494775,0.7644437615242765,8.509097331697909,0.7458275013050297,0.65438549972896,1.1397372063010933,
Uniform-Magnitude,0.4,94.03042409342348,91.20313460356485,43.30965563458901,61.33134456882765,2474058,1402552,41620480,16094080,5.361597299575806,"[""conv1"", ""conv2"", ""conv3""]","[NaN, NaN, NaN]","{""conv1"": 0.4, ""conv2"": 0.4, ""conv3"": 0.4}","[39, 77, 154]",ok,42,SVHN,SimpleCNN,94.03042409342348,94.82175783650891,0.7913337430854313,8.355234369617262,0.7458275013050297,0.6524589989567176,1.1431024822979046,
Uniform-Magnitude,0.5,94.03042409342348,87.99554394591273,53.611030945919616,72.66822487390823,2474058,1147690,41620480,11375616,5.2926857471466064,"[""conv1"", ""conv2"", ""conv3""]","[NaN, NaN, NaN]","{""conv1"": 0.5, ""conv2"": 0.5, ""conv3"": 0.5}","[32, 64, 128]",ok,42,SVHN,SimpleCNN,94.03042409342348,94.68730792870313,0.6568838352796575,12.482065471825667,0.7458275013050297,0.6719970006088261,1.1098673068917178,
Adaptive-Magnitude,0.1,94.03042409342348,93.97280270436386,8.183963350899615,13.91960880797146,2474058,2271582,41620480,35827072,6.148923635482788,"[""conv1"", ""conv2"", ""conv3""]","[0.18215509255727133, 0.06014046569665273, 0.14318615943193436]","{""conv1"": 0.06692227959459265, ""conv2"": 0.08907903434684698, ""conv3"": 0.07399868605856037}","[60, 117, 238]",ok,42,SVHN,SimpleCNN,94.03042409342348,95.109864781807,1.079440688383528,13.893782617173581,0.7458275013050297,0.7204675002867589,1.035199368476964,
Adaptive-Magnitude,0.2,94.03042409342348,93.61939151813154,16.931373476288755,27.136794193627754,2474058,2055166,41620480,30326016,5.814927101135254,"[""conv1"", ""conv2"", ""conv3""]","[0.17850434531768164, 0.06553935756285985, 0.13396556427081427]","{""conv1"": 0.13388890030976638, ""conv2"": 0.1757267589550219, ""conv3"": 0.15038434073521173}","[56, 106, 218]",ok,42,SVHN,SimpleCNN,94.03042409342348,94.91011063306699,0.8796865396435152,7.623239288549277,0.7458275013050297,0.7528965015808353,0.990610926918955,
Adaptive-Magnitude,0.3,94.03042409342348,92.57836508912108,24.84695184995663,39.52023619141346,2474058,1859330,41620480,25171968,5.863123893737793,"[""conv1"", ""conv2"", ""conv3""]","[0.1648063858350118, 0.05416936303178469, 0.13121437033017477]","{""conv1"": 0.2011698528081948, ""conv2"": 0.26751602740031516, ""conv3"": 0.22131411979149004}","[52, 94, 200]",ok,42,SVHN,SimpleCNN,94.03042409342348,95.04456054087277,1.0141364474492889,9.92554526061913,0.7458275013050297,0.7027990013739327,1.0612244750589837,
Adaptive-Magnitude,0.4,94.03042409342348,92.45928088506453,31.329136180315903,50.420562184770574,2474058,1698957,41620480,20635200,5.996603488922119,"[""conv1"", ""conv2"", ""conv3""]","[0.1256437748670578, 0.07148021211226781, 0.1464573492606481]","{""conv1"": 0.29760719441930167, ""conv2"": 0.341747536084277, ""conv3"": 0.28064526949642143}","[45, 85, 185]",ok,42,SVHN,SimpleCNN,94.03042409342348,94.92547633681623,0.8950522433927546,7.871891001262947,0.7458275013050297,0.6915870017110137,1.0784290327317068,
Adaptive-Magnitude,0.5,94.03042409342348,90.91886908420406,41.24652696096858,61.715309386148355,2474058,1453595,41620480,15934272,5.902680158615112,"[""conv1"", ""conv2"", ""conv3""]","[0.20587597290674844, 0.04139242383340994, 0.13873055080572763]","{""conv1"": 0.31332438604953416, ""conv2"": 0.46246790714378494, ""conv3"": 0.374207706806681}","[44, 69, 161]",ok,42,SVHN,SimpleCNN,94.03042409342348,94.83328211432084,0.8028580208973608,9.490285167090478,0.7458275013050297,0.5423660004453268,1.3751369014515002,
Adaptive-Correlation,0.1,94.03042409342348,91.99446834665028,8.183963350899615,13.91960880797146,2474058,2271582,41620480,35827072,6.499704837799072,"[""conv1"", ""conv2"", ""conv3""]","[0.22176899015903473, 0.054013144224882126, 0.1681539590160052]","{""conv1"": 0.06503138730567755, ""conv2"": 0.09148318834185062, ""conv3"": 0.07348542435247184}","[60, 117, 238]",ok,42,SVHN,SimpleCNN,94.03042409342348,94.97925629993854,0.9488322065150641,36.47117937008065,0.7458275013050297,0.7192235007096315,1.0369898933629798,
Adaptive-Correlation,0.2,94.03042409342348,88.99047326367548,16.931373476288755,27.136794193627754,2474058,2055166,41620480,30326016,6.44227933883667,"[""conv1"", ""conv2"", ""conv3""]","[0.19332043826580048, 0.08331061775485675, 0.15073242038488388]","{""conv1"": 0.1366701581874788, ""conv2"": 0.17270827497057326, ""conv3"": 0.15062156684194802}","[56, 106, 218]",ok,42,SVHN,SimpleCNN,94.03042409342348,94.98309772587585,0.9526736324523739,35.393610982550435,0.7458275013050297,0.7171225006459281,1.0400280295671191,
Adaptive-Correlation,0.3,94.03042409342348,77.29333128457283,24.05941978724832,39.24560216508796,2474058,1878814,41620480,25286272,6.604453086853027,"[""conv1"", ""conv2"", ""conv3""]","[0.12805470079183578, 0.0602536511917909, 0.1368135636051496]","{""conv1"": 0.21728798989884565, ""conv2"": 0.26108147084652295, ""conv3"": 0.21163053925463138}","[51, 95, 202]",ok,42,SVHN,SimpleCNN,94.03042409342348,94.94468346650277,0.9142593730792896,73.36566026120585,0.7458275013050297,0.7189794996520504,1.0373418180434524,
Adaptive-Correlation,0.4,94.03042409342348,51.99370006146282,34.65504850735108,51.06409152417272,2474058,1616672,41620480,20367360,6.518228054046631,"[""conv1"", ""conv2"", ""conv3""]","[0.1653376892209053, 0.054543321331342064, 0.09980249653259914]","{""conv1"": 0.25518629533313225, ""conv2"": 0.352227344750937, ""conv3"": 0.31258635991593087}","[48, 83, 176]",ok,42,SVHN,SimpleCNN,94.03042409342348,94.88706207744315,0.8566379840196703,123.77233293117949,0.7458275013050297,1.1870690013893181,0.6282933009219602,
Adaptive-Correlation,0.5,94.03042409342348,38.35663798401967,41.04992688126148,60.78115389346783,2474058,1458459,41620480,16323072,6.5632922649383545,"[""conv1"", ""conv2"", ""conv3""]","[0.17702925701936087, 0.05847249925136566, 0.1331638569633166]","{""conv1"": 0.33193376943066955, ""conv2"": 0.44448797500138487, ""conv3"": 0.3735782555679456}","[43, 72, 161]",ok,42,SVHN,SimpleCNN,94.03042409342348,94.7180393362016,0.6876152427781221,137.29963884030656,0.7458275013050297,0.6810960021539358,1.0950401983661384,
E-HRAP,0.1,94.03042409342348,93.91133988936693,8.183963350899615,13.91960880797146,2474058,2271582,41620480,35827072,6.4700963497161865,"[""conv1"", ""conv2"", ""conv3""]","[0.2094982067743937, 0.06740675121545792, 0.16699817031621933]","{""conv1"": 0.06696379561421757, ""conv2"": 0.08937049035205567, ""conv3"": 0.07366571403372678}","[60, 117, 238]",ok,42,SVHN,SimpleCNN,94.03042409342348,95.19821757836509,1.1677934849416118,15.724382353895821,0.7458275013050297,0.5728220003220486,1.3020231431155143,
E-HRAP,0.2,94.03042409342348,93.21988322065151,17.201739005310305,26.69285890023373,2474058,2048477,41620480,30510784,6.4120893478393555,"[""conv1"", ""conv2"", ""conv3""]","[0.1501819590727488, 0.07372227435310681, 0.10737976431846619]","{""conv1"": 0.1365333840048264, ""conv2"": 0.16884510426187088, ""conv3"": 0.15462151173330277}","[56, 107, 217]",ok,42,SVHN,SimpleCNN,94.03042409342348,95.07529194837123,1.0448678549477535,10.78616950964633,0.7458275013050297,0.740344501537038,1.0074060113320331,
E-HRAP,0.3,94.03042409342348,91.53733866011063,24.243651523125166,40.36935662443105,2474058,1874256,41620480,24818560,6.590825796127319,"[""conv1"", ""conv2"", ""conv3""]","[0.16673984130223593, 0.045255862176418304, 0.15120596686999002]","{""conv1"": 0.20359249548643973, ""conv2"": 0.2738334599399693, ""conv3"": 0.21257404457359091}","[51, 93, 202]",ok,42,SVHN,SimpleCNN,94.03042409342348,95.14827904118009,1.1178549477566122,14.89437503927618,0.7458275013050297,0.6546575004904298,1.1392636619091676,
E-HRAP,0.4,94.03042409342348,91.19545175169023,30.604900936033026,50.145928158445074,2474058,1716875,41620480,20749504,6.6677587032318115,"[""conv1"", ""conv2"", ""conv3""]","[0.12715119620164236, 0.07511693239212036, 0.16887246072292328]","{""conv1"": 0.30407318422916774, ""conv2"": 0.34332945068466514, ""conv3"": 0.2725973650861672}","[45, 85, 187]",ok,42,SVHN,SimpleCNN,94.03042409342348,94.85248924400737,0.8220651505838958,11.949189118307158,0.7458275013050297,0.6952054991415935,1.072815882823053,
E-HRAP,0.5,94.03042409342348,90.5577750460971,42.094728579524,60.67412965924468,2474058,1432610,41620480,16367616,6.590333461761475,"[""conv1"", ""conv2"", ""conv3""]","[0.18144402901331583, 0.0651249811053276, 0.12052790820598602]","{""conv1"": 0.327006419872744, ""conv2"": 0.4379081047836315, ""conv3"": 0.3850854753436245}","[44, 72, 158]",ok,42,SVHN,SimpleCNN,94.03042409342348,94.89474492931777,0.86432083589429,10.302881214752098,0.7458275013050297,0.6704549996356945,1.1124199263340424,
Uniform-Magnitude,0.1,92.01,84.6,9.068798542173367,8.188305759929742,272186,247502,40518272,37200512,2.11926007270813,"[""block1.conv1"", ""block2.conv1"", ""block3.conv1"", ""block4.conv1"", ""block5.conv1"", ""block6.conv1"", ""block7.conv1"", ""block8.conv1"", ""block9.conv1""]","[NaN, NaN, NaN, NaN, NaN, NaN, NaN, NaN, NaN]","{""block1.conv1"": 0.1, ""block2.conv1"": 0.1, ""block3.conv1"": 0.1, ""block4.conv1"": 0.1, ""block5.conv1"": 0.1, ""block6.conv1"": 0.1, ""block7.conv1"": 0.1, ""block8.conv1"": 0.1, ""block9.conv1"": 0.1}","[15, 15, 15, 29, 29, 29, 58, 58, 58]",ok,42,FashionMNIST,ResNet20,92.01,92.35,0.3399999999999892,85.45784718846217,2.492027499101823,2.6806000005308306,0.9296528757025797,
Uniform-Magnitude,0.2,92.01,50.22,18.45723145202178,18.560159722507414,272186,221948,40518272,32998016,2.2635512351989746,"[""block1.conv1"", ""block2.conv1"", ""block3.conv1"", ""block4.conv1"", ""block5.conv1"", ""block6.conv1"", ""block7.conv1"", ""block8.conv1"", ""block9.conv1""]","[NaN, NaN, NaN, NaN, NaN, NaN, NaN, NaN, NaN]","{""block1.conv1"": 0.2, ""block2.conv1"": 0.2, ""block3.conv1"": 0.2, ""block4.conv1"": 0.2, ""block5.conv1"": 0.2, ""block6.conv1"": 0.2, ""block7.conv1"": 0.2, ""block8.conv1"": 0.2, ""block9.conv1"": 0.2}","[13, 13, 13, 26, 26, 26, 52, 52, 52]",ok,42,FashionMNIST,ResNet20,92.01,92.84,0.8299999999999983,230.91220430749635,2.492027499101823,2.64869400052703,0.9408514153035293,
Uniform-Magnitude,0.3,92.01,34.32,28.692144342471693,27.248861945543975,272186,194090,40518272,29477504,2.1798312664031982,"[""block1.conv1"", ""block2.conv1"", ""block3.conv1"", ""block4.conv1"", ""block5.conv1"", ""block6.conv1"", ""block7.conv1"", ""block8.conv1"", ""block9.conv1""]","[NaN, NaN, NaN, NaN, NaN, NaN, NaN, NaN, NaN]","{""block1.conv1"": 0.3, ""block2.conv1"": 0.3, ""block3.conv1"": 0.3, ""block4.conv1"": 0.3, ""block5.conv1"": 0.3, ""block6.conv1"": 0.3, ""block7.conv1"": 0.3, ""block8.conv1"": 0.3, ""block9.conv1"": 0.3}","[12, 12, 12, 23, 23, 23, 45, 45, 45]",ok,42,FashionMNIST,ResNet20,92.01,92.72,0.7099999999999937,203.54003278016802,2.492027499101823,2.69429800027865,0.9249264553676292,
Uniform-Magnitude,0.4,92.01,19.73,38.080577252320104,37.620715908121646,272186,168536,40518272,25275008,2.0671803951263428,"[""block1.conv1"", ""block2.conv1"", ""block3.conv1"", ""block4.conv1"", ""block5.conv1"", ""block6.conv1"", ""block7.conv1"", ""block8.conv1"", ""block9.conv1""]","[NaN, NaN, NaN, NaN, NaN, NaN, NaN, NaN, NaN]","{""block1.conv1"": 0.4, ""block2.conv1"": 0.4, ""block3.conv1"": 0.4, ""block4.conv1"": 0.4, ""block5.conv1"": 0.4, ""block6.conv1"": 0.4, ""block7.conv1"": 0.4, ""block8.conv1"": 0.4, ""block9.conv1"": 0.4}","[10, 10, 10, 20, 20, 20, 39, 39, 39]",ok,42,FashionMNIST,ResNet20,92.01,92.4,0.39000000000000057,190.83219122045344,2.492027499101823,2.5909899995895103,0.9618051399259103,
Uniform-Magnitude,0.5,92.01,15.27,49.21928387205808,49.49375926001978,272186,138218,40518272,20464256,2.1545164585113525,"[""block1.conv1"", ""block2.conv1"", ""block3.conv1"", ""block4.conv1"", ""block5.conv1"", ""block6.conv1"", ""block7.conv1"", ""block8.conv1"", ""block9.conv1""]","[NaN, NaN, NaN, NaN, NaN, NaN, NaN, NaN, NaN]","{""block1.conv1"": 0.5, ""block2.conv1"": 0.5, ""block3.conv1"": 0.5, ""block4.conv1"": 0.5, ""block5.conv1"": 0.5, ""block6.conv1"": 0.5, ""block7.conv1"": 0.5, ""block8.conv1"": 0.5, ""block9.conv1"": 0.5}","[8, 8, 8, 16, 16, 16, 32, 32, 32]",ok,42,FashionMNIST,ResNet20,92.01,92.34,0.3299999999999983,156.58496820136153,2.492027499101823,2.4943490006990032,0.9990692955971561,
Adaptive-Magnitude,0.1,92.01,85.33,8.696993967360555,7.551437534157429,272186,248514,40518272,37458560,3.530402660369873,"[""block1.conv1"", ""block2.conv1"", ""block3.conv1"", ""block4.conv1"", ""block5.conv1"", ""block6.conv1"", ""block7.conv1"", ""block8.conv1"", ""block9.conv1""]","[0.07111525287230809, 0.025196488325794537, 0.011968659237027168, 0.019494649954140186, 0.026000747457146645, 0.01714168271670739, 0.015201156648496786, 0.006796090863645077, 0.0010501318611204624]","{""block1.conv1"": 0.07433520843572286, ""block2.conv1"": 0.09090683650954062, ""block3.conv1"": 0.09568062922909504, ""block4.conv1"": 0.09296457359731365, ""block5.conv1"": 0.09061658734165984, ""block6.conv1"": 0.09381373620684155, ""block7.conv1"": 0.0945140528766718, ""block8.conv1"": 0.0975473580079857, ""block9.conv1"": 0.09962101779516898}","[15, 15, 15, 30, 30, 29, 58, 58, 58]",ok,42,FashionMNIST,ResNet20,92.01,92.63,0.6199999999999903,83.9370479891855,2.492027499101823,2.677162498002872,0.9308465589820727,
Adaptive-Magnitude,0.2,92.01,67.9,17.925242297546532,16.012686819418164,272186,223396,40518272,34030208,3.4359402656555176,"[""block1.conv1"", ""block2.conv1"", ""block3.conv1"", ""block4.conv1"", ""block5.conv1"", ""block6.conv1"", ""block7.conv1"", ""block8.conv1"", ""block9.conv1""]","[0.07837853829065959, 0.028824780136346817, 0.017310074840982754, 0.010678634978830814, 0.020794490973154705, 0.012543101018915573, 0.017186078242957592, 0.006732849248995383, 0.0010586150844270985]","{""block1.conv1"": 0.14329411272921405, ""block2.conv1"": 0.17914563388570287, ""block3.conv1"": 0.1874763784323009, ""block4.conv1"": 0.19227414181839095, ""block5.conv1"": 0.18495544715819728, ""block6.conv1"": 0.19092522407387802, ""block7.conv1"": 0.18756608841239136, ""block8.conv1"": 0.1951288681971985, ""block9.conv1"": 0.19923410529272617}","[14, 14, 14, 26, 27, 26, 52, 52, 52]",ok,42,FashionMNIST,ResNet20,92.01,92.61,0.5999999999999943,137.85029842180768,2.492027499101823,2.618160498968791,0.951823809152782,
Adaptive-Magnitude,0.3,92.01,36.57,27.6840101989081,25.929634906444186,272186,196834,40518272,30012032,3.502002000808716,"[""block1.conv1"", ""block2.conv1"", ""block3.conv1"", ""block4.conv1"", ""block5.conv1"", ""block6.conv1"", ""block7.conv1"", ""block8.conv1"", ""block9.conv1""]","[0.09912773221731186, 0.020816133668025334, 0.015683528035879135, 0.01957559088865916, 0.01568735670298338, 0.014853585511446, 0.015387786241869131, 0.006906309941162665, 0.0007882549737890562]","{""block1.conv1"": 0.20031511384989586, ""block2.conv1"": 0.27906686788482726, ""block3.conv1"": 0.28422832166420187, ""block4.conv1"": 0.2803143832164032, ""block5.conv1"": 0.28422447147782254, ""block6.conv1"": 0.2850629289351306, ""block7.conv1"": 0.2845257256943988, ""block8.conv1"": 0.29305487268998676, ""block9.conv1"": 0.2992073145873331}","[13, 12, 12, 24, 23, 23, 46, 46, 45]",ok,42,FashionMNIST,ResNet20,92.01,92.65,0.6400000000000006,202.57180804756345,2.492027499101823,2.698714000871405,0.9234129656929769,
Adaptive-Magnitude,0.4,92.01,20.44,36.80644853151889,34.75480889214624,272186,172004,40518272,26436224,3.3977603912353516,"[""block1.conv1"", ""block2.conv1"", ""block3.conv1"", ""block4.conv1"", ""block5.conv1"", ""block6.conv1"", ""block7.conv1"", ""block8.conv1"", ""block9.conv1""]","[0.08911758909622829, 0.02344313884774844, 0.01687533004830281, 0.017933415559430916, 0.01946069486439228, 0.01078418300797542, 0.01439827432235082, 0.010914985711375872, 0.0009910983305114012]","{""block1.conv1"": 0.2776329794708537, ""block2.conv1"": 0.3678103157665935, ""block3.conv1"": 0.37682854889367534, ""block4.conv1"": 0.3753756957277083, ""block5.conv1"": 0.37327859435906435, ""block6.conv1"": 0.38519227958352786, ""block7.conv1"": 0.38022978463112456, ""block8.conv1"": 0.38501267489207924, ""block9.conv1"": 0.39863912667537343}","[12, 11, 10, 20, 21, 20, 40, 40, 39]",ok,42,FashionMNIST,ResNet20,92.01,92.71,0.6999999999999886,196.3514625381805,2.492027499101823,2.5417870019737165,0.9804234175274109,
Adaptive-Magnitude,0.5,92.01,15.34,45.82234207490466,43.39802052762764,272186,147464,40518272,22934144,3.4254422187805176,"[""block1.conv1"", ""block2.conv1"", ""block3.conv1"", ""block4.conv1"", ""block5.conv1"", ""block6.conv1"", ""block7.conv1"", ""block8.conv1"", ""block9.conv1""]","[0.0870041052500407, 0.02543731282154719, 0.013935600407421589, 0.022459010283152264, 0.019631095230579376, 0.012594050727784634, 0.01758355212708314, 0.010191858901331821, 0.0010372025814528267]","{""block1.conv1"": 0.35490595524212815, ""block2.conv1"": 0.4575789832624268, ""block3.conv1"": 0.47676003191537564, ""block4.conv1"": 0.4625458059263281, ""block5.conv1"": 0.4672618320498113, ""block6.conv1"": 0.4789972926595985, ""block7.conv1"": 0.47067645610517694, ""block8.conv1"": 0.4830033533780285, ""block9.conv1"": 0.498270289461126}","[11, 9, 9, 18, 18, 17, 34, 34, 33]",ok,42,FashionMNIST,ResNet20,92.01,92.63,0.6199999999999903,168.67317666490274,2.492027499101823,2.6255720003973693,0.9491369875686766,
Adaptive-Correlation,0.1,92.01,71.31,8.856443755373164,7.82438105948842,272186,248080,40518272,37347968,4.498796224594116,"[""block1.conv1"", ""block2.conv1"", ""block3.conv1"", ""block4.conv1"", ""block5.conv1"", ""block6.conv1"", ""block7.conv1"", ""block8.conv1"", ""block9.conv1""]","[0.056960634887218475, 0.02547134707371394, 0.012770484201610088, 0.01371382363140583, 0.023404387136300404, 0.012550958742698034, 0.014426946950455507, 0.00850964275499185, 0.0010864407910654943]","{""block1.conv1"": 0.07639212337170725, ""block2.conv1"": 0.08944315806059254, ""block3.conv1"": 0.09470715141935993, ""block4.conv1"": 0.09431617542477494, ""block5.conv1"": 0.09029982925631742, ""block6.conv1"": 0.09479813583273639, ""block7.conv1"": 0.0940206146858503, ""block8.conv1"": 0.09647309766282518, ""block9.conv1"": 0.09954971428583613}","[15, 15, 15, 29, 30, 29, 58, 58, 58]",ok,42,FashionMNIST,ResNet20,92.01,92.27,0.2599999999999909,236.6638413672944,2.492027499101823,2.7485529990372015,0.9066688908581215,
Adaptive-Correlation,0.2,92.01,55.03,18.031787086771544,16.740536220300807,272186,223106,40518272,33735296,4.455738544464111,"[""block1.conv1"", ""block2.conv1"", ""block3.conv1"", ""block4.conv1"", ""block5.conv1"", ""block6.conv1"", ""block7.conv1"", ""block8.conv1"", ""block9.conv1""]","[0.07370938484867413, 0.03222023695707321, 0.017251853831112385, 0.016630878672003746, 0.01933471579104662, 0.016437179719408352, 0.012031109693149725, 0.009144082044561705, 0.0009703885104196767]","{""block1.conv1"": 0.14781104158490274, ""block2.conv1"": 0.17718688590157838, ""block3.conv1"": 0.18778505228304784, ""block4.conv1"": 0.18822472555968775, ""block5.conv1"": 0.18631030932549145, ""block6.conv1"": 0.18836187155002268, ""block7.conv1"": 0.19148153135788165, ""block8.conv1"": 0.19352565323197848, ""block9.conv1"": 0.19931292920540916}","[14, 14, 13, 26, 27, 26, 52, 52, 52]",ok,42,FashionMNIST,ResNet20,92.01,92.72,0.7099999999999937,209.01977057864713,2.492027499101823,2.600054000140517,0.95845220867226,
Adaptive-Correlation,0.3,92.01,23.37,27.153490627732506,25.429238443337365,272186,198278,40518272,30214784,4.37028694152832,"[""block1.conv1"", ""block2.conv1"", ""block3.conv1"", ""block4.conv1"", ""block5.conv1"", ""block6.conv1"", ""block7.conv1"", ""block8.conv1"", ""block9.conv1""]","[0.07653973003228505, 0.014557996454338232, 0.018036090458432835, 0.019419219965736072, 0.021511145556966465, 0.016527988947927952, 0.021059236799677212, 0.009648669511079788, 0.0007625793223269284]","{""block1.conv1"": 0.21884717923973931, ""block2.conv1"": 0.28456458526324707, ""block3.conv1"": 0.28087686466137707, ""block4.conv1"": 0.27941037319417356, ""block5.conv1"": 0.2771923661215419, ""block6.conv1"": 0.2824758602616837, ""block7.conv1"": 0.2776715116628813, ""block8.conv1"": 0.289769799983912, ""block9.conv1"": 0.29919145961144394}","[13, 12, 12, 24, 24, 23, 47, 46, 45]",ok,42,FashionMNIST,ResNet20,92.01,92.23,0.21999999999999886,253.59538832061483,2.492027499101823,2.697954498216859,0.9236729161847845,
Adaptive-Correlation,0.4,92.01,16.45,36.85935353030648,34.84579006725657,272186,171860,40518272,26399360,4.793794631958008,"[""block1.conv1"", ""block2.conv1"", ""block3.conv1"", ""block4.conv1"", ""block5.conv1"", ""block6.conv1"", ""block7.conv1"", ""block8.conv1"", ""block9.conv1""]","[0.08647579451402028, 0.027500647430618603, 0.016147928312420845, 0.020358983427286148, 0.017519482721885044, 0.01768898901840051, 0.01741853418449561, 0.007591950086255868, 0.0009630398126319051]","{""block1.conv1"": 0.2856061111551524, ""block2.conv1"": 0.3636209644210961, ""block3.conv1"": 0.3786388280463136, ""block4.conv1"": 0.37306826378105756, ""block5.conv1"": 0.37682447706471645, ""block6.conv1"": 0.3766002468676877, ""block7.conv1"": 0.3769580161183912, ""block8.conv1"": 0.3899570429024277, ""block9.conv1"": 0.3987260496431575}","[12, 11, 10, 21, 20, 20, 40, 40, 39]",ok,42,FashionMNIST,ResNet20,92.01,92.61,0.5999999999999943,206.62326575364312,2.492027499101823,2.477779500623001,1.0057503092891196,
Adaptive-Correlation,0.5,92.01,10.0,46.405766644867846,43.85292640317929,272186,145876,40518272,22749824,4.5240442752838135,"[""block1.conv1"", ""block2.conv1"", ""block3.conv1"", ""block4.conv1"", ""block5.conv1"", ""block6.conv1"", ""block7.conv1"", ""block8.conv1"", ""block9.conv1""]","[0.09396873662869136, 0.03237740167727073, 0.014326887826124826, 0.016168681904673576, 0.023671196773648262, 0.014208381995558739, 0.017998410388827324, 0.009143164536605278, 0.001041681389324367]","{""block1.conv1"": 0.35245227683749203, ""block2.conv1"": 0.4491616885488631, ""block3.conv1"": 0.4775042236962039, ""block4.conv1"": 0.4746122775812118, ""block5.conv1"": 0.46283198738443926, ""block6.conv1"": 0.47769029904539795, ""block7.conv1"": 0.471739276607396, ""block8.conv1"": 0.48564359638879734, ""block9.conv1"": 0.49836437391019855}","[11, 9, 9, 17, 18, 17, 34, 33, 33]",ok,42,FashionMNIST,ResNet20,92.01,92.53,0.519999999999996,177.8442766210118,2.492027499101823,2.6303954982722644,0.9473965039624931,
E-HRAP,0.1,92.01,87.93,8.696993967360555,7.551437534157429,272186,248514,40518272,37458560,4.889196872711182,"[""block1.conv1"", ""block2.conv1"", ""block3.conv1"", ""block4.conv1"", ""block5.conv1"", ""block6.conv1"", ""block7.conv1"", ""block8.conv1"", ""block9.conv1""]","[0.08614242573579152, 0.025760404765605927, 0.013998225952188173, 0.021438309612373512, 0.02108502605309089, 0.01705791304508845, 0.011682426246503988, 0.008900148328393698, 0.0011635750415734947]","{""block1.conv1"": 0.07090182519630682, ""block2.conv1"": 0.0912983555491862, ""block3.conv1"": 0.09527151897315185, ""block4.conv1"": 0.09275832233341266, ""block5.conv1"": 0.09287765849878611, ""block6.conv1"": 0.0942379828367667, ""block7.conv1"": 0.09605377631116807, ""block8.conv1"": 0.09699360600045427, ""block9.conv1"": 0.09960695430076737}","[15, 15, 15, 30, 30, 29, 58, 58, 58]",ok,42,FashionMNIST,ResNet20,92.01,92.67,0.6599999999999966,54.50159006421082,2.492027499101823,2.8385200021148194,0.8779319847121583,
E-HRAP,0.2,92.01,49.1,17.872337298758936,16.467592694969817,272186,223540,40518272,33845888,4.542948246002197,"[""block1.conv1"", ""block2.conv1"", ""block3.conv1"", ""block4.conv1"", ""block5.conv1"", ""block6.conv1"", ""block7.conv1"", ""block8.conv1"", ""block9.conv1""]","[0.07736717785398166, 0.024289365236957867, 0.015945459405581158, 0.021251412108540535, 0.02110812192161878, 0.012386978914340338, 0.015356150455772877, 0.010028700344264507, 0.0008261931749681631]","{""block1.conv1"": 0.145450096024522, ""block2.conv1"": 0.18287410012806646, ""block3.conv1"": 0.18875720552892614, ""block4.conv1"": 0.18501609439532457, ""block5.conv1"": 0.18511712517031242, ""block6.conv1"": 0.19126621224831505, ""block7.conv1"": 0.1891727143728005, ""block8.conv1"": 0.19292898285871343, ""block9.conv1"": 0.1994174692730195}","[14, 14, 13, 27, 27, 26, 52, 52, 52]",ok,42,FashionMNIST,ResNet20,92.01,92.73,0.7199999999999989,244.12028080417713,2.492027499101823,2.5984724998124875,0.9590355484930683,
E-HRAP,0.3,92.01,22.92,27.631105200120505,25.838653731333853,272186,196978,40518272,30048896,4.62132716178894,"[""block1.conv1"", ""block2.conv1"", ""block3.conv1"", ""block4.conv1"", ""block5.conv1"", ""block6.conv1"", ""block7.conv1"", ""block8.conv1"", ""block9.conv1""]","[0.09936625882983208, 0.029442884027957916, 0.019150519743561745, 0.013136885749797026, 0.02262551337480545, 0.015482671558856964, 0.015523061466713747, 0.00934330311914285, 0.001346571953035891]","{""block1.conv1"": 0.20742999707793763, ""block2.conv1"": 0.27257089184398536, ""block3.conv1"": 0.28215929944935897, ""block4.conv1"": 0.28776162485569584, ""block5.conv1"": 0.2789219815268913, ""block6.conv1"": 0.2855762814427866, ""block7.conv1"": 0.2855386540435833, ""block8.conv1"": 0.29129574156030213, ""block9.conv1"": 0.2987455281994588}","[13, 12, 12, 23, 24, 23, 46, 46, 45]",ok,42,FashionMNIST,ResNet20,92.01,92.42,0.4099999999999966,251.528122008297,2.492027499101823,2.6826414996321546,0.928945406772963,
E-HRAP,0.4,92.01,17.96,36.7006385339437,34.98226182992207,272186,172292,40518272,26344064,4.622411727905273,"[""block1.conv1"", ""block2.conv1"", ""block3.conv1"", ""block4.conv1"", ""block5.conv1"", ""block6.conv1"", ""block7.conv1"", ""block8.conv1"", ""block9.conv1""]","[0.08565878123044968, 0.019675723897914093, 0.012572999733189741, 0.014279425144195557, 0.015008392122884592, 0.010792247640589872, 0.019605847696463268, 0.006868976013114055, 0.0011930724528307717]","{""block1.conv1"": 0.2708119977821807, ""block2.conv1"": 0.37032566391853644, ""block3.conv1"": 0.3810377792669485, ""block4.conv1"": 0.3784641996920946, ""block5.conv1"": 0.37736479357976344, ""block6.conv1"": 0.383723456111559, ""block7.conv1"": 0.3704310491077527, ""block8.conv1"": 0.3896404165962978, ""block9.conv1"": 0.39820064394486704}","[12, 11, 10, 20, 20, 20, 41, 40, 39]",ok,42,FashionMNIST,ResNet20,92.01,92.99,0.9799999999999898,204.43785993152738,2.492027499101823,2.606732001368073,0.9559968181592698,
E-HRAP,0.5,92.01,16.65,46.194146649717474,44.444304041396435,272186,146452,40518272,22510208,4.807127475738525,"[""block1.conv1"", ""block2.conv1"", ""block3.conv1"", ""block4.conv1"", ""block5.conv1"", ""block6.conv1"", ""block7.conv1"", ""block8.conv1"", ""block9.conv1""]","[0.07158711676796277, 0.031947399179140724, 0.01509636826813221, 0.01704796776175499, 0.024604446565111477, 0.013918581418693066, 0.01824491998801629, 0.008096771780401468, 0.0011560831529398758]","{""block1.conv1"": 0.37577821646037946, ""block2.conv1"": 0.4445631688401632, ""block3.conv1"": 0.4738039765267154, ""block4.conv1"": 0.47041745698523646, ""block5.conv1"": 0.4573050518959961, ""block6.conv1"": 0.4758477350921158, ""block7.conv1"": 0.4683404416356751, ""block8.conv1"": 0.48595004971725775, ""block9.conv1"": 0.49799390284646067}","[10, 9, 9, 17, 18, 17, 35, 33, 33]",ok,42,FashionMNIST,ResNet20,92.01,92.43,0.4200000000000017,164.04675807657435,2.492027499101823,2.6386534991615918,0.9444315064079624,
Uniform-Magnitude,0.1,92.76,92.52,18.842716270682036,18.563089115812264,9227210,7488553,151589888,123450122,2.1296520233154297,"[""features.conv1"", ""features.conv2"", ""features.conv3"", ""features.conv4"", ""features.conv5"", ""features.conv6"", ""features.conv7"", ""features.conv8""]","[NaN, NaN, NaN, NaN, NaN, NaN, NaN, NaN]","{""features.conv1"": 0.1, ""features.conv2"": 0.1, ""features.conv3"": 0.1, ""features.conv4"": 0.1, ""features.conv5"": 0.1, ""features.conv6"": 0.1, ""features.conv7"": 0.1, ""features.conv8"": 0.1}","[58, 116, 231, 231, 461, 461, 461, 461]",ok,42,FashionMNIST,VGG11BN,92.76,93.4,0.6400000000000006,4.670239615979511,1.225431500643026,1.3768985008937307,0.8899940698952109,
Uniform-Magnitude,0.2,92.76,91.42,35.83540420126994,35.61246248826307,9227210,5920602,151589888,97604996,2.273686170578003,"[""features.conv1"", ""features.conv2"", ""features.conv3"", ""features.conv4"", ""features.conv5"", ""features.conv6"", ""features.conv7"", ""features.conv8""]","[NaN, NaN, NaN, NaN, NaN, NaN, NaN, NaN]","{""features.conv1"": 0.2, ""features.conv2"": 0.2, ""features.conv3"": 0.2, ""features.conv4"": 0.2, ""features.conv5"": 0.2, ""features.conv6"": 0.2, ""features.conv7"": 0.2, ""features.conv8"": 0.2}","[52, 103, 205, 205, 410, 410, 410, 410]",ok,42,FashionMNIST,VGG11BN,92.76,93.2,0.4399999999999977,4.967154800327106,1.225431500643026,1.506697000877466,0.8133231166779802,
Uniform-Magnitude,0.3,92.76,90.34,50.76427219061883,50.5991547404534,9227210,4543084,151589888,74886686,2.263986825942993,"[""features.conv1"", ""features.conv2"", ""features.conv3"", ""features.conv4"", ""features.conv5"", ""features.conv6"", ""features.conv7"", ""features.conv8""]","[NaN, NaN, NaN, NaN, NaN, NaN, NaN, NaN]","{""features.conv1"": 0.3, ""features.conv2"": 0.3, ""features.conv3"": 0.3, ""features.conv4"": 0.3, ""features.conv5"": 0.3, ""features.conv6"": 0.3, ""features.conv7"": 0.3, ""features.conv8"": 0.3}","[45, 90, 180, 180, 359, 359, 359, 359]",ok,42,FashionMNIST,VGG11BN,92.76,92.93,0.1700000000000017,5.102013459928283,1.225431500643026,1.3506220020644832,0.9073090019042351,
Uniform-Magnitude,0.4,92.76,83.89,63.77927889362007,63.656631239149675,9227210,3342162,151589888,55092872,2.1275157928466797,"[""features.conv1"", ""features.conv2"", ""features.conv3"", ""features.conv4"", ""features.conv5"", ""features.conv6"", ""features.conv7"", ""features.conv8""]","[NaN, NaN, NaN, NaN, NaN, NaN, NaN, NaN]","{""features.conv1"": 0.4, ""features.conv2"": 0.4, ""features.conv3"": 0.4, ""features.conv4"": 0.4, ""features.conv5"": 0.4, ""features.conv6"": 0.4, ""features.conv7"": 0.4, ""features.conv8"": 0.4}","[39, 77, 154, 154, 308, 308, 308, 308]",ok,42,FashionMNIST,VGG11BN,92.76,92.94,0.1799999999999926,14.189561495505215,1.225431500643026,1.2288034977245843,0.9972558695610794,
Uniform-Magnitude,0.5,92.76,75.96,74.96957368478662,74.90188263744875,9227210,2309610,151589888,38046208,2.144202470779419,"[""features.conv1"", ""features.conv2"", ""features.conv3"", ""features.conv4"", ""features.conv5"", ""features.conv6"", ""features.conv7"", ""features.conv8""]","[NaN, NaN, NaN, NaN, NaN, NaN, NaN, NaN]","{""features.conv1"": 0.5, ""features.conv2"": 0.5, ""features.conv3"": 0.5, ""features.conv4"": 0.5, ""features.conv5"": 0.5, ""features.conv6"": 0.5, ""features.conv7"": 0.5, ""features.conv8"": 0.5}","[32, 64, 128, 128, 256, 256, 256, 256]",ok,42,FashionMNIST,VGG11BN,92.76,92.94,0.1799999999999926,22.649188417948427,1.225431500643026,1.2091235003026668,1.0134874562741334,
Adaptive-Magnitude,0.1,92.76,92.79,18.470306842480014,17.54822326935158,9227210,7522916,151589888,124988556,3.3660764694213867,"[""features.conv1"", ""features.conv2"", ""features.conv3"", ""features.conv4"", ""features.conv5"", ""features.conv6"", ""features.conv7"", ""features.conv8""]","[0.3075854778289795, 0.025694124400615692, 0.020532264684637386, 0.010706424713134766, 0.007289730167637269, 0.010567192764331898, 0.0070752366445958614, 0.01138174037138621]","{""features.conv1"": 0.0462842957712323, ""features.conv2"": 0.09551286362261867, ""features.conv3"": 0.09641431362517063, ""features.conv4"": 0.09813026561820296, ""features.conv5"": 0.09872694578314894, ""features.conv6"": 0.09815458062238937, ""features.conv7"": 0.09876440421819602, ""features.conv8"": 0.09801233073904114}","[62, 116, 232, 231, 462, 462, 462, 462]",ok,42,FashionMNIST,VGG11BN,92.76,93.17,0.4099999999999966,2.0573561838508834,1.225431500643026,1.359615000183112,0.9013077234937727,
Adaptive-Magnitude,0.2,92.76,92.5,35.35742656772741,33.81751294650999,9227210,5964706,151589888,100325958,3.3746657371520996,"[""features.conv1"", ""features.conv2"", ""features.conv3"", ""features.conv4"", ""features.conv5"", ""features.conv6"", ""features.conv7"", ""features.conv8""]","[0.7206918199857076, 0.028569124018152554, 0.04068059412141641, 0.01250575544933478, 0.006333702787136038, 0.01277137299378713, 0.008922162155310312, 0.011121036484837532]","{""features.conv1"": 0.08011242141128211, ""features.conv2"": 0.19524750662355927, ""features.conv3"": 0.19323275526442946, ""features.conv4"": 0.19791965900310463, ""features.conv5"": 0.19894638419697144, ""features.conv6"": 0.19787547334239364, ""features.conv7"": 0.1985157922056098, ""features.conv8"": 0.19815000795264973}","[59, 104, 207, 206, 411, 411, 411, 411]",ok,42,FashionMNIST,VGG11BN,92.76,93.03,0.269999999999996,1.498977870984989,1.225431500643026,1.3792445006401977,0.888480251379812,
Adaptive-Magnitude,0.3,92.76,91.37,49.92524284155232,48.12755584330269,9227210,4620503,151589888,78633380,3.430032730102539,"[""features.conv1"", ""features.conv2"", ""features.conv3"", ""features.conv4"", ""features.conv5"", ""features.conv6"", ""features.conv7"", ""features.conv8""]","[0.27263693511486053, 0.024839552429815132, 0.01665660801033179, 0.018983499457438786, 0.010550472264488539, 0.012164990417659283, 0.005005291275059183, 0.009738125993559757]","{""features.conv1"": 0.1455004169398844, ""features.conv2"": 0.28592376894132293, ""features.conv3"": 0.2905609304487381, ""features.conv4"": 0.28924231322524, ""features.conv5"": 0.2940211931840267, ""features.conv6"": 0.2931062680606102, ""features.conv7"": 0.29716357061171744, ""features.conv8"": 0.29448153858846016}","[55, 92, 182, 182, 362, 362, 360, 362]",ok,42,FashionMNIST,VGG11BN,92.76,92.93,0.1700000000000017,3.1246718317444593,1.225431500643026,1.3479574990924448,0.9091024765009926,
Adaptive-Magnitude,0.4,92.76,88.43,63.007485469605655,60.83703815389058,9227210,3413377,151589888,59367090,3.274674892425537,"[""features.conv1"", ""features.conv2"", ""features.conv3"", ""features.conv4"", ""features.conv5"", ""features.conv6"", ""features.conv7"", ""features.conv8""]","[0.3949768741925557, 0.03394393747051557, 0.015762408263981342, 0.02295922115445137, 0.008441441847632328, 0.010950235649943352, 0.007482504782577355, 0.004588455660268664]","{""features.conv1"": 0.17841635073992662, ""features.conv2"": 0.38095731161387997, ""features.conv3"": 0.39115722420103666, ""features.conv4"": 0.3871197826000004, ""features.conv5"": 0.39526431644019955, ""features.conv6"": 0.39385687280924375, ""features.conv7"": 0.39580228407367174, ""features.conv8"": 0.3974258575220414}","[53, 80, 156, 157, 310, 311, 310, 309]",ok,42,FashionMNIST,VGG11BN,92.76,92.9,0.14000000000000057,7.094395160645307,1.225431500643026,1.3345184997888282,0.9182574095727681,
Adaptive-Magnitude,0.5,92.76,82.24,74.06513995021247,71.73327154908908,9227210,2393064,151589888,42849502,3.3277535438537598,"[""features.conv1"", ""features.conv2"", ""features.conv3"", ""features.conv4"", ""features.conv5"", ""features.conv6"", ""features.conv7"", ""features.conv8""]","[0.4425472815831502, 0.0313097300628821, 0.018367781303822994, 0.015776087219516437, 0.007935527712106705, 0.012188403867185116, 0.003860667891179522, 0.008967988348255554]","{""features.conv1"": 0.21366936766267253, ""features.conv2"": 0.47974242486555274, ""features.conv3"": 0.48811594002669473, ""features.conv4"": 0.489792780981021, ""features.conv5"": 0.49486566800363235, ""features.conv6"": 0.4921140327108345, ""features.conv7"": 0.49750212570604585, ""features.conv8"": 0.4941976600435465}","[51, 67, 132, 131, 259, 261, 258, 259]",ok,42,FashionMNIST,VGG11BN,92.76,92.97,0.20999999999999375,14.487247316636203,1.225431500643026,1.3566759989771526,0.9032602489960193,
Adaptive-Correlation,0.1,92.76,91.99,18.373896334861783,17.23379596401575,9227210,7531812,151589888,125465196,4.349775791168213,"[""features.conv1"", ""features.conv2"", ""features.conv3"", ""features.conv4"", ""features.conv5"", ""features.conv6"", ""features.conv7"", ""features.conv8""]","[0.358817994594574, 0.04240676760673523, 0.019885477609932423, 0.01811969218154748, 0.005505093528578679, 0.007599152935047944, 0.007416181654358904, 0.00527098976696531]","{""features.conv1"": 0.045986867854080626, ""features.conv2"": 0.09361647861275206, ""features.conv3"": 0.09700662467849866, ""features.conv4"": 0.0972724296356677, ""features.conv5"": 0.0991713142910496, ""features.conv6"": 0.09885609401462275, ""features.conv7"": 0.09888363681379014, ""features.conv8"": 0.09920655409953849}","[62, 117, 232, 232, 462, 462, 462, 462]",ok,42,FashionMNIST,VGG11BN,92.76,93.12,0.35999999999999943,6.150029255667453,1.225431500643026,1.3807235009153374,0.8875285311147656,
Adaptive-Correlation,0.2,92.76,89.21,35.04997718703704,33.35283023627539,9227210,5993075,151589888,101030370,4.383009195327759,"[""features.conv1"", ""features.conv2"", ""features.conv3"", ""features.conv4"", ""features.conv5"", ""features.conv6"", ""features.conv7"", ""features.conv8""]","[0.20384942491849264, 0.033131458486119904, 0.02627288767447074, 0.02245091212292512, 0.008276029800375303, 0.007321968985100587, 0.004693230148404837, 0.0047269580730547505]","{""features.conv1"": 0.10815314151353544, ""features.conv2"": 0.18507221504185478, ""features.conv3"": 0.1881624282372504, ""features.conv4"": 0.18988446619620908, ""features.conv5"": 0.19627113327295986, ""features.conv6"": 0.1967009970742586, ""features.conv7"": 0.19788540759701775, ""features.conv8"": 0.19787021106691421}","[58, 105, 208, 208, 412, 412, 411, 411]",ok,42,FashionMNIST,VGG11BN,92.76,93.12,0.35999999999999943,11.155499414835836,1.225431500643026,1.3364104979700642,0.9169574038099751,
Adaptive-Correlation,0.3,92.76,81.89,50.096020357182724,48.08643700561346,9227210,4604745,151589888,78695712,4.348907709121704,"[""features.conv1"", ""features.conv2"", ""features.conv3"", ""features.conv4"", ""features.conv5"", ""features.conv6"", ""features.conv7"", ""features.conv8""]","[0.4062953193982442, 0.05804993833104769, 0.023003532861669857, 0.022663398024936516, 0.00859902799129486, 0.012383275665342808, 0.006705688933531444, 0.004994379123672843]","{""features.conv1"": 0.14278077705110997, ""features.conv2"": 0.27753711214257776, ""features.conv3"": 0.29109859900195884, ""features.conv4"": 0.291230216897061, ""features.conv5"": 0.296672537353102, ""features.conv6"": 0.2952081924533352, ""features.conv7"": 0.2974051800423686, ""features.conv8"": 0.2980673850584866}","[55, 93, 182, 182, 361, 361, 360, 360]",ok,42,FashionMNIST,VGG11BN,92.76,93.04,0.28000000000000114,22.25725700465013,1.225431500643026,1.3318729997990886,0.9200813447137084,
Adaptive-Correlation,0.4,92.76,53.25,62.75627193918855,60.6210580484102,9227210,3436557,151589888,59694494,4.359325170516968,"[""features.conv1"", ""features.conv2"", ""features.conv3"", ""features.conv4"", ""features.conv5"", ""features.conv6"", ""features.conv7"", ""features.conv8""]","[0.2839913268884023, 0.03383042818556229, 0.019008134802182514, 0.020069588907063007, 0.009511397530635199, 0.010113094002008438, 0.00772234743150572, 0.007673440035432577]","{""features.conv1"": 0.1971075202265702, ""features.conv2"": 0.3758304609455101, ""features.conv3"": 0.3864199810320337, ""features.conv4"": 0.3856616442973716, ""features.conv5"": 0.3932047536372131, ""features.conv6"": 0.39277488244894326, ""features.conv7"": 0.3944829082028063, ""features.conv8"": 0.394517849209552}","[52, 80, 158, 158, 311, 311, 311, 311]",ok,42,FashionMNIST,VGG11BN,92.76,92.8,0.03999999999999204,63.021589361338,1.225431500643026,1.4371010001923423,0.8527107701400345,
Adaptive-Correlation,0.5,92.76,24.57,74.22188288767677,71.89699882884008,9227210,2378601,151589888,42601308,4.493797540664673,"[""features.conv1"", ""features.conv2"", ""features.conv3"", ""features.conv4"", ""features.conv5"", ""features.conv6"", ""features.conv7"", ""features.conv8""]","[0.5473519066969553, 0.023981639184057713, 0.020162397374709446, 0.02105496885875861, 0.009180655547728142, 0.008215765779217085, 0.005811257598300775, 0.006298917190482219]","{""features.conv1"": 0.2016261551523732, ""features.conv2"": 0.48692706867090996, ""features.conv3"": 0.48900902334963725, ""features.conv4"": 0.4885224625425246, ""features.conv5"": 0.49499541801082286, ""features.conv6"": 0.4955214011426295, ""features.conv7"": 0.49683215267583786, ""features.conv8"": 0.4965663184552647}","[52, 66, 131, 131, 259, 259, 258, 258]",ok,42,FashionMNIST,VGG11BN,92.76,92.69,-0.07000000000000739,91.77886271504185,1.225431500643026,1.3587844987341668,0.9018586109751978,
E-HRAP,0.1,92.76,92.78,18.436558829808792,17.548413255638792,9227210,7526030,151589888,124988268,4.334855794906616,"[""features.conv1"", ""features.conv2"", ""features.conv3"", ""features.conv4"", ""features.conv5"", ""features.conv6"", ""features.conv7"", ""features.conv8""]","[0.34424961109956104, 0.034334187706311546, 0.012025736272335052, 0.02563935425132513, 0.00965504984681805, 0.008507181967919072, 0.0043454235419631, 0.007464390092839797]","{""features.conv1"": 0.04599654364289272, ""features.conv2"": 0.09461389425704166, ""features.conv3"": 0.09811348712386112, ""features.conv4"": 0.09597787854018693, ""features.conv5"": 0.09848538372675886, ""features.conv6"": 0.09866545316156183, ""features.conv7"": 0.09931832053534644, ""features.conv8"": 0.09882903901235052}","[62, 116, 231, 232, 462, 462, 462, 462]",ok,42,FashionMNIST,VGG11BN,92.76,93.01,0.25,1.2475213087386618,1.225431500643026,1.3894224994146498,0.881971827258655,
E-HRAP,0.2,92.76,92.17,35.08052813363953,33.47176165207009,9227210,5990256,151589888,100850082,4.318020343780518,"[""features.conv1"", ""features.conv2"", ""features.conv3"", ""features.conv4"", ""features.conv5"", ""features.conv6"", ""features.conv7"", ""features.conv8""]","[0.2823270931839943, 0.04428622995813688, 0.020904151412347954, 0.029040205602844555, 0.007949106395244598, 0.009701873641461134, 0.005464823761334022, 0.007167817714313666]","{""features.conv1"": 0.1028471473187572, ""features.conv2"": 0.1847604651526429, ""features.conv3"": 0.1928065779316947, ""features.conv4"": 0.19000684353404415, ""features.conv5"": 0.19726459705352678, ""features.conv6"": 0.19666144439065, ""features.conv7"": 0.19811947478427858, ""features.conv8"": 0.1975334498344058}","[58, 105, 207, 208, 412, 412, 411, 411]",ok,42,FashionMNIST,VGG11BN,92.76,93.19,0.4299999999999926,2.9075959065219843,1.225431500643026,1.3793799989798572,0.8883929747780263,
E-HRAP,0.3,92.76,90.07,49.839962458858096,47.8617003793815,9227210,4628372,151589888,79036390,4.366885185241699,"[""features.conv1"", ""features.conv2"", ""features.conv3"", ""features.conv4"", ""features.conv5"", ""features.conv6"", ""features.conv7"", ""features.conv8""]","[0.30962233742078143, 0.04001914709806442, 0.026174182693163555, 0.01699064951390028, 0.011965614122649034, 0.011136987712234259, 0.0075450205865005655, 0.008852924685925245]","{""features.conv1"": 0.14959597846346323, ""features.conv2"": 0.2805600567706097, ""features.conv3"": 0.28728547051780123, ""features.conv4"": 0.2917465192056363, ""features.conv5"": 0.294187510826278, ""features.conv6"": 0.29459002940912943, ""features.conv7"": 0.29633488511120104, ""features.conv8"": 0.29569954969588097}","[55, 93, 183, 182, 362, 362, 361, 361]",ok,42,FashionMNIST,VGG11BN,92.76,93.01,0.25,5.89888084772721,1.225431500643026,1.3499410015356261,0.9077667092480604,
E-HRAP,0.4,92.76,85.66,63.07234797950843,60.72345010242372,9227210,3407392,151589888,59539278,4.237538814544678,"[""features.conv1"", ""features.conv2"", ""features.conv3"", ""features.conv4"", ""features.conv5"", ""features.conv6"", ""features.conv7"", ""features.conv8""]","[0.46355799833933514, 0.023042107000947, 0.0202390905469656, 0.02815793330470721, 0.008281117460379997, 0.0073663170138994856, 0.005209397757425904, 0.005301803583279252]","{""features.conv1"": 0.16869837640639995, ""features.conv2"": 0.38850267543774525, ""features.conv3"": 0.38990129709692944, ""features.conv4"": 0.3859500306029637, ""features.conv5"": 0.3958679692279777, ""features.conv6"": 0.39632442738271373, ""features.conv7"": 0.39740066579898503, ""features.conv8"": 0.3973545580462854}","[54, 79, 157, 158, 310, 310, 309, 309]",ok,42,FashionMNIST,VGG11BN,92.76,93.08,0.3199999999999932,11.764267920405763,1.225431500643026,1.3638804994116072,0.8984889080617331,
E-HRAP,0.5,92.76,78.34,74.06388279880917,71.62750328042989,9227210,2393180,151589888,43009836,4.301326751708984,"[""features.conv1"", ""features.conv2"", ""features.conv3"", ""features.conv4"", ""features.conv5"", ""features.conv6"", ""features.conv7"", ""features.conv8""]","[0.4098921865224838, 0.035152516017357506, 0.0243692717825373, 0.026998161959151428, 0.010274981614202261, 0.01029174712797006, 0.002672211383469403, 0.005555054328093926]","{""features.conv1"": 0.22684579084781736, ""features.conv2"": 0.47657418699806314, ""features.conv3"": 0.4837601950458052, ""features.conv4"": 0.4820082894453758, ""features.conv5"": 0.49315270071212575, ""features.conv6"": 0.4931415280896536, ""features.conv7"": 0.49821922493001947, ""features.conv8"": 0.4962980839311396}","[50, 67, 133, 133, 260, 260, 257, 258]",ok,42,FashionMNIST,VGG11BN,92.76,92.79,0.030000000000001137,19.510184254385777,1.225431500643026,1.345643499007565,0.9106657904168546,
Uniform-Magnitude,0.1,93.01,92.78,10.993705381441915,17.489808320461854,2472906,2201042,40440832,33367808,2.4283559322357178,"[""conv1"", ""conv2"", ""conv3""]","[NaN, NaN, NaN]","{""conv1"": 0.1, ""conv2"": 0.1, ""conv3"": 0.1}","[58, 116, 231]",ok,42,FashionMNIST,SimpleCNN,93.01,93.25,0.23999999999999488,4.275173689786059,0.5229429989412893,0.7160705008573132,0.7302954085040473,
Uniform-Magnitude,0.2,93.01,92.29,22.17945202931288,34.06125769123642,2472906,1924429,40440832,26666176,2.138289451599121,"[""conv1"", ""conv2"", ""conv3""]","[NaN, NaN, NaN]","{""conv1"": 0.2, ""conv2"": 0.2, ""conv3"": 0.2}","[52, 103, 205]",ok,42,FashionMNIST,SimpleCNN,93.01,93.2,0.18999999999999773,4.102896675703797,0.5229429989412893,0.7256519984366605,0.7206525994111694,
Uniform-Magnitude,0.3,93.01,91.31,32.73149080474551,49.16820702402958,2472906,1663487,40440832,20556800,2.151820182800293,"[""conv1"", ""conv2"", ""conv3""]","[NaN, NaN, NaN]","{""conv1"": 0.3, ""conv2"": 0.3, ""conv3"": 0.3}","[45, 90, 180]",ok,42,FashionMNIST,SimpleCNN,93.01,93.29,0.28000000000000114,6.049220341998408,0.5229429989412893,0.6761549993825611,0.7734069842252455,
Uniform-Magnitude,0.4,93.01,89.89,43.31163416644223,61.980920669485734,2472906,1401850,40440832,15375232,2.0685336589813232,"[""conv1"", ""conv2"", ""conv3""]","[NaN, NaN, NaN]","{""conv1"": 0.4, ""conv2"": 0.4, ""conv3"": 0.4}","[39, 77, 154]",ok,42,FashionMNIST,SimpleCNN,93.01,93.1,0.0899999999999892,7.411403568067389,0.5229429989412893,0.676100999044138,0.7734687564145278,
Uniform-Magnitude,0.5,93.01,86.23,53.612713139925255,73.32945078874738,2472906,1147114,40440832,10785792,2.207533597946167,"[""conv1"", ""conv2"", ""conv3""]","[NaN, NaN, NaN]","{""conv1"": 0.5, ""conv2"": 0.5, ""conv3"": 0.5}","[32, 64, 128]",ok,42,FashionMNIST,SimpleCNN,93.01,92.98,-0.030000000000001137,12.590297346793463,0.5229429989412893,0.749937000364298,0.6973159061191253,
Adaptive-Magnitude,0.1,93.01,92.97,10.011500639328789,14.38846757653255,2472906,2225331,40440832,34622016,2.6759257316589355,"[""conv1"", ""conv2"", ""conv3""]","[0.1435252527395884, 0.020600369510551293, 0.027370915437738102]","{""conv1"": 0.047535512583801814, ""conv2"": 0.09246970267374253, ""conv3"": 0.08999478474245569}","[61, 117, 233]",ok,42,FashionMNIST,SimpleCNN,93.01,93.14,0.12999999999999545,1.6980471372311592,0.5229429989412893,0.7339604999287985,0.7124947445973182,
Adaptive-Magnitude,0.2,93.01,92.61,20.340967266851226,28.492391056642948,2472906,1969893,40440832,28918272,2.555654287338257,"[""conv1"", ""conv2"", ""conv3""]","[0.1981448084115982, 0.02037520178904136, 0.026949211334188778]","{""conv1"": 0.08699082922016022, ""conv2"": 0.18837928342857005, ""conv3"": 0.18462988735126978}","[59, 104, 209]",ok,42,FashionMNIST,SimpleCNN,93.01,93.17,0.1599999999999966,2.7530647518056304,0.5229429989412893,0.6778545011911774,0.7714679153451576,
Adaptive-Magnitude,0.3,93.01,92.47,31.430753938888092,41.276935153065104,2472906,1695653,40440832,23748096,2.392948627471924,"[""conv1"", ""conv2"", ""conv3""]","[0.28840922315915424, 0.01707599808772405, 0.015516478568315506]","{""conv1"": 0.11132206808159817, ""conv2"": 0.2888288454531968, ""conv3"": 0.28984908646520496}","[57, 92, 182]",ok,42,FashionMNIST,SimpleCNN,93.01,93.1,0.0899999999999892,2.004406261539021,0.5229429989412893,0.7026464991213288,0.7442476403073782,
Adaptive-Magnitude,0.4,93.01,91.96,40.621560221051666,53.27653001797787,2472906,1468373,40440832,18895360,2.646028518676758,"[""conv1"", ""conv2"", ""conv3""]","[0.38983870546023053, 0.014615683816373348, 0.035460468692084156]","{""conv1"": 0.15187281004126962, ""conv2"": 0.3906973101852454, ""conv3"": 0.37742987977348497}","[55, 78, 160]",ok,42,FashionMNIST,SimpleCNN,93.01,93.0,-0.010000000000005116,2.5602167773482956,0.5229429989412893,0.6802659991080873,0.768733112674942,
Adaptive-Magnitude,0.5,93.01,90.81,51.49342514434434,63.278302483984504,2472906,1199522,40440832,14850560,2.550215482711792,"[""conv1"", ""conv2"", ""conv3""]","[0.41074804464975995, 0.02583848622937997, 0.01824784961839517]","{""conv1"": 0.18392491466859312, ""conv2"": 0.4801170039732034, ""conv3"": 0.4859580813582035}","[53, 67, 132]",ok,42,FashionMNIST,SimpleCNN,93.01,93.13,0.11999999999999034,4.505429564059218,0.5229429989412893,0.6995999992795987,0.7474885641506304,
Adaptive-Correlation,0.1,93.01,91.33,10.449487364258893,14.569670574532196,2472906,2214500,40440832,34548736,3.1609411239624023,"[""conv1"", ""conv2"", ""conv3""]","[0.26558731993039447, 0.026846826697389286, 0.02022883513321479]","{""conv1"": 0.04053945148729258, ""conv2"": 0.0939894455741685, ""conv3"": 0.09547110293853896}","[62, 116, 232]",ok,42,FashionMNIST,SimpleCNN,93.01,93.45,0.4399999999999977,20.28807659264882,0.5229429989412893,0.6841915001132293,0.7643225600650484,
Adaptive-Correlation,0.2,93.01,90.22,20.671873496202444,28.04547641354164,2472906,1961710,40440832,29099008,3.1948132514953613,"[""conv1"", ""conv2"", ""conv3""]","[0.3472873568534851, 0.017191243668397267, 0.029509507740537327]","{""conv1"": 0.0765946764893119, ""conv2"": 0.19389125188526615, ""conv3"": 0.189514071625422}","[60, 104, 208]",ok,42,FashionMNIST,SimpleCNN,93.01,93.34,0.3299999999999983,15.092971619496263,0.5229429989412893,0.6879095017211512,0.7601915624553588,
Adaptive-Correlation,0.3,93.01,87.0,28.15978448028352,40.976407211404556,2472906,1776541,40440832,23869632,3.1818313598632812,"[""conv1"", ""conv2"", ""conv3""]","[0.11178029825290044, 0.02080510836094618, 0.03636014461517334]","{""conv1"": 0.16105663947736457, ""conv2"": 0.2741391665893821, ""conv3"": 0.2548041939332533}","[54, 93, 191]",ok,42,FashionMNIST,SimpleCNN,93.01,93.1,0.0899999999999892,21.662097606858453,0.5229429989412893,0.68016449768038,0.7688478312595322,
Adaptive-Correlation,0.4,93.01,81.76,40.49446278993217,52.672625528574684,2472906,1471516,40440832,19139584,3.271442174911499,"[""conv1"", ""conv2"", ""conv3""]","[0.2413700670003891, 0.021886541818579037, 0.022724689915776253]","{""conv1"": 0.1636781878426441, ""conv2"": 0.37857121519373815, ""conv3"": 0.3777505969636178}","[54, 80, 160]",ok,42,FashionMNIST,SimpleCNN,93.01,92.92,-0.09000000000000341,27.559323500334525,0.5229429989412893,0.6729684992023977,0.7770690597867231,
Adaptive-Correlation,0.5,93.01,74.7,50.451048280848525,63.33574937330666,2472906,1225299,40440832,14827328,3.102172613143921,"[""conv1"", ""conv2"", ""conv3""]","[0.4083244601885478, 0.029068756848573685, 0.036023521795868874]","{""conv1"": 0.19812313477067806, ""conv2"": 0.478509283549879, ""conv3"": 0.47336758167944293}","[52, 67, 135]",ok,42,FashionMNIST,SimpleCNN,93.01,92.77,-0.2400000000000091,35.81689700362372,0.5229429989412893,0.7047235012578312,0.742054150326916,
E-HRAP,0.1,93.01,93.01,10.449487364258893,14.569670574532196,2472906,2214500,40440832,34548736,3.0974271297454834,"[""conv1"", ""conv2"", ""conv3""]","[0.2600353608528773, 0.019457871094346046, 0.020669683814048767]","{""conv1"": 0.03935801425190597, ""conv2"": 0.09546229429058618, ""conv3"": 0.09517969145750785}","[62, 116, 232]",ok,42,FashionMNIST,SimpleCNN,93.01,93.34,0.3299999999999983,3.1580496582896513,0.5229429989412893,0.6917760001670104,0.755942673372651,
E-HRAP,0.2,93.01,92.74,20.671873496202444,28.04547641354164,2472906,1961710,40440832,29099008,3.145092725753784,"[""conv1"", ""conv2"", ""conv3""]","[0.36249826351801556, 0.020413779964049656, 0.028735145926475525]","{""conv1"": 0.07671540533183285, ""conv2"": 0.1930573333949559, ""conv3"": 0.19022726127321132}","[60, 104, 208]",ok,42,FashionMNIST,SimpleCNN,93.01,93.24,0.22999999999998977,2.418745451842346,0.5229429989412893,0.7569655008410336,0.6908412581026064,
E-HRAP,0.3,93.01,92.24,30.978492510431046,40.54025396905781,2472906,1706837,40440832,24046016,3.2155914306640625,"[""conv1"", ""conv2"", ""conv3""]","[0.26904865602652234, 0.03120178294678529, 0.02008357426772515]","{""conv1"": 0.12362092244304838, ""conv2"": 0.2795451805054038, ""conv3"": 0.2868338970515478}","[57, 93, 183]",ok,42,FashionMNIST,SimpleCNN,93.01,93.36,0.3499999999999943,3.615411562143895,0.5229429989412893,0.7199115025287028,0.7263990047449471,
E-HRAP,0.4,93.01,91.63,40.85492938267771,52.80682652621984,2472906,1462602,40440832,19085312,3.131537914276123,"[""conv1"", ""conv2"", ""conv3""]","[0.26767606536547345, 0.02604459909101327, 0.01946939341723919]","{""conv1"": 0.16069068471978398, ""conv2"": 0.37671545580024784, ""conv3"": 0.3825938594799682}","[54, 80, 159]",ok,42,FashionMNIST,SimpleCNN,93.01,93.04,0.030000000000001137,3.4512359250285325,0.5229429989412893,0.6958004996704403,0.7515703124515957,
E-HRAP,0.5,93.01,90.71,49.339805071442264,62.906084622591344,2472906,1252779,40440832,15001088,3.219343662261963,"[""conv1"", ""conv2"", ""conv3""]","[0.2510259946187337, 0.025158323347568512, 0.03126506879925728]","{""conv1"": 0.21423231953442695, ""conv2"": 0.471359795951184, ""conv3"": 0.4644078845143891}","[51, 68, 138]",ok,42,FashionMNIST,SimpleCNN,93.01,93.2,0.18999999999999773,5.0466352600999915,0.5229429989412893,0.7600660010211868,0.6880231430411163,
Uniform-Magnitude,0.1,99.35,99.29,9.068798542173367,8.188305759929742,272186,247502,40518272,37200512,2.2626848220825195,"[""block1.conv1"", ""block2.conv1"", ""block3.conv1"", ""block4.conv1"", ""block5.conv1"", ""block6.conv1"", ""block7.conv1"", ""block8.conv1"", ""block9.conv1""]","[NaN, NaN, NaN, NaN, NaN, NaN, NaN, NaN, NaN]","{""block1.conv1"": 0.1, ""block2.conv1"": 0.1, ""block3.conv1"": 0.1, ""block4.conv1"": 0.1, ""block5.conv1"": 0.1, ""block6.conv1"": 0.1, ""block7.conv1"": 0.1, ""block8.conv1"": 0.1, ""block9.conv1"": 0.1}","[15, 15, 15, 29, 29, 29, 58, 58, 58]",ok,42,MNIST,ResNet20,99.35,99.43,0.0800000000000125,1.5437546588883548,2.497941499314038,2.6854960015043616,0.9301602005420008,
Uniform-Magnitude,0.2,99.35,92.13,18.45723145202178,18.560159722507414,272186,221948,40518272,32998016,2.2544946670532227,"[""block1.conv1"", ""block2.conv1"", ""block3.conv1"", ""block4.conv1"", ""block5.conv1"", ""block6.conv1"", ""block7.conv1"", ""block8.conv1"", ""block9.conv1""]","[NaN, NaN, NaN, NaN, NaN, NaN, NaN, NaN, NaN]","{""block1.conv1"": 0.2, ""block2.conv1"": 0.2, ""block3.conv1"": 0.2, ""block4.conv1"": 0.2, ""block5.conv1"": 0.2, ""block6.conv1"": 0.2, ""block7.conv1"": 0.2, ""block8.conv1"": 0.2, ""block9.conv1"": 0.2}","[13, 13, 13, 26, 26, 26, 52, 52, 52]",ok,42,MNIST,ResNet20,99.35,99.43,0.0800000000000125,39.550893745770196,2.497941499314038,2.6214660010737134,0.9528796094593325,
Uniform-Magnitude,0.3,99.35,56.79,28.692144342471693,27.248861945543975,272186,194090,40518272,29477504,2.2636325359344482,"[""block1.conv1"", ""block2.conv1"", ""block3.conv1"", ""block4.conv1"", ""block5.conv1"", ""block6.conv1"", ""block7.conv1"", ""block8.conv1"", ""block9.conv1""]","[NaN, NaN, NaN, NaN, NaN, NaN, NaN, NaN, NaN]","{""block1.conv1"": 0.3, ""block2.conv1"": 0.3, ""block3.conv1"": 0.3, ""block4.conv1"": 0.3, ""block5.conv1"": 0.3, ""block6.conv1"": 0.3, ""block7.conv1"": 0.3, ""block8.conv1"": 0.3, ""block9.conv1"": 0.3}","[12, 12, 12, 23, 23, 23, 45, 45, 45]",ok,42,MNIST,ResNet20,99.35,99.52,0.1700000000000017,148.92578083384552,2.497941499314038,2.745355499428115,0.909879066603354,
Uniform-Magnitude,0.4,99.35,14.91,38.080577252320104,37.620715908121646,272186,168536,40518272,25275008,2.3877601623535156,"[""block1.conv1"", ""block2.conv1"", ""block3.conv1"", ""block4.conv1"", ""block5.conv1"", ""block6.conv1"", ""block7.conv1"", ""block8.conv1"", ""block9.conv1""]","[NaN, NaN, NaN, NaN, NaN, NaN, NaN, NaN, NaN]","{""block1.conv1"": 0.4, ""block2.conv1"": 0.4, ""block3.conv1"": 0.4, ""block4.conv1"": 0.4, ""block5.conv1"": 0.4, ""block6.conv1"": 0.4, ""block7.conv1"": 0.4, ""block8.conv1"": 0.4, ""block9.conv1"": 0.4}","[10, 10, 10, 20, 20, 20, 39, 39, 39]",ok,42,MNIST,ResNet20,99.35,99.49,0.14000000000000057,222.10797761698024,2.497941499314038,2.631774499604944,0.9491472387505101,
Uniform-Magnitude,0.5,99.35,9.95,49.21928387205808,49.49375926001978,272186,138218,40518272,20464256,2.2413108348846436,"[""block1.conv1"", ""block2.conv1"", ""block3.conv1"", ""block4.conv1"", ""block5.conv1"", ""block6.conv1"", ""block7.conv1"", ""block8.conv1"", ""block9.conv1""]","[NaN, NaN, NaN, NaN, NaN, NaN, NaN, NaN, NaN]","{""block1.conv1"": 0.5, ""block2.conv1"": 0.5, ""block3.conv1"": 0.5, ""block4.conv1"": 0.5, ""block5.conv1"": 0.5, ""block6.conv1"": 0.5, ""block7.conv1"": 0.5, ""block8.conv1"": 0.5, ""block9.conv1"": 0.5}","[8, 8, 8, 16, 16, 16, 32, 32, 32]",ok,42,MNIST,ResNet20,99.35,99.42,0.07000000000000739,181.77834572435208,2.497941499314038,2.5026330004038755,0.9981253739205548,
Adaptive-Magnitude,0.1,99.35,99.37,8.538278970997773,7.687909296822925,272186,248946,40518272,37403264,3.530367374420166,"[""block1.conv1"", ""block2.conv1"", ""block3.conv1"", ""block4.conv1"", ""block5.conv1"", ""block6.conv1"", ""block7.conv1"", ""block8.conv1"", ""block9.conv1""]","[0.0062801737027863664, 0.006056825494548927, 0.0030150361429453674, 0.0018478644196875393, 0.006616111223896344, 0.0016654472759303947, 0.006744310570259889, 0.0016171196669650574, 0.00036326077436873067]","{""block1.conv1"": 0.08714815410214109, ""block2.conv1"": 0.08760521737613253, ""block3.conv1"": 0.09382998278082391, ""block4.conv1"": 0.09621850128899714, ""block5.conv1"": 0.08646068629361557, ""block6.conv1"": 0.09659180259110192, ""block7.conv1"": 0.08619833714188119, ""block8.conv1"": 0.09669070096755272, ""block9.conv1"": 0.09925661745775399}","[15, 15, 15, 29, 30, 29, 59, 58, 58]",ok,42,MNIST,ResNet20,99.35,99.52,0.1700000000000017,1.756794320137594,2.497941499314038,2.765874996839557,0.9031288478938222,
Adaptive-Magnitude,0.2,99.35,97.55,17.44836251680836,16.695045632745643,272186,224694,40518272,33753728,3.4530370235443115,"[""block1.conv1"", ""block2.conv1"", ""block3.conv1"", ""block4.conv1"", ""block5.conv1"", ""block6.conv1"", ""block7.conv1"", ""block8.conv1"", ""block9.conv1""]","[0.005623218627685371, 0.0010550215132146452, 0.001973683053317169, 0.005656321222583453, 0.007040320585171382, 0.0027222417411394417, 0.0031389855430461466, 0.0009277424639246116, 0.0002204759281691319]","{""block1.conv1"": 0.1722388634094239, ""block2.conv1"": 0.19479148895435996, ""block3.conv1"": 0.19025617027232736, ""block4.conv1"": 0.17207543998250185, ""block5.conv1"": 0.16524280588271606, ""block6.conv1"": 0.1865606283852693, ""block7.conv1"": 0.18450321565174196, ""block8.conv1"": 0.19541984991743241, ""block9.conv1"": 0.1989115375442273}","[14, 13, 13, 27, 27, 27, 53, 52, 52]",ok,42,MNIST,ResNet20,99.35,99.53,0.18000000000000682,11.3477697296387,2.497941499314038,2.6317475021642167,0.9491569754544676,
Adaptive-Magnitude,0.3,99.35,87.51,26.994775631369723,25.29276668067187,272186,198710,40518272,30270080,3.5366766452789307,"[""block1.conv1"", ""block2.conv1"", ""block3.conv1"", ""block4.conv1"", ""block5.conv1"", ""block6.conv1"", ""block7.conv1"", ""block8.conv1"", ""block9.conv1""]","[0.009958055491248766, 0.0039250224363058805, 0.0029209984155992665, 0.0020549350883811712, 0.003560922845887641, 0.0034022354520857334, 0.0010035547893494368, 0.0029299703504269323, 0.00041826330410306883]","{""block1.conv1"": 0.23069548114484428, ""block2.conv1"": 0.2726832420563507, ""block3.conv1"": 0.27967089157640423, ""block4.conv1"": 0.28569838381559626, ""block5.conv1"": 0.27521724550225146, ""block6.conv1"": 0.2763216532338096, ""block7.conv1"": 0.29301561616303784, ""block8.conv1"": 0.27960845010608126, ""block9.conv1"": 0.29708903640162426}","[13, 12, 12, 23, 24, 24, 46, 47, 45]",ok,42,MNIST,ResNet20,99.35,99.46,0.10999999999999943,44.26782486798406,2.497941499314038,2.691639503609622,0.9280371669252792,
Adaptive-Magnitude,0.4,99.35,21.27,36.27666375199312,34.9367712423669,272186,173446,40518272,26362496,3.52690052986145,"[""block1.conv1"", ""block2.conv1"", ""block3.conv1"", ""block4.conv1"", ""block5.conv1"", ""block6.conv1"", ""block7.conv1"", ""block8.conv1"", ""block9.conv1""]","[0.00685153001298507, 0.005103633273392916, 0.002210016129538417, 0.0018309426571552951, 0.00574154406785965, 0.0012327757322054822, 0.002290149345450724, 0.0026053139445139095, 0.0004267910747633626]","{""block1.conv1"": 0.3321935107383531, ""block2.conv1"": 0.3494916530918136, ""block3.conv1"": 0.3781284713528789, ""block4.conv1"": 0.38187998981456667, ""block5.conv1"": 0.343178538889158, ""block6.conv1"": 0.3877997769418817, ""block7.conv1"": 0.3773354292098887, ""block8.conv1"": 0.3742163879210776, ""block9.conv1"": 0.3957762420403818}","[11, 11, 10, 20, 22, 20, 40, 41, 39]",ok,42,MNIST,ResNet20,99.35,99.36,0.010000000000005116,215.26235304841,2.497941499314038,2.5552480001351796,0.977573018032649,
Adaptive-Magnitude,0.5,99.35,10.21,44.33879773390255,43.4435111151828,272186,151502,40518272,22915712,3.4583866596221924,"[""block1.conv1"", ""block2.conv1"", ""block3.conv1"", ""block4.conv1"", ""block5.conv1"", ""block6.conv1"", ""block7.conv1"", ""block8.conv1"", ""block9.conv1""]","[0.0051294750689218445, 0.0031338196519451835, 0.0016197904478758574, 0.0026748776920915893, 0.002268883186237266, 0.0017361217178404331, 0.0025751864498791597, 0.0048430754492680235, 0.000346926737014049]","{""block1.conv1"": 0.4262041790374452, ""block2.conv1"": 0.4549149199759165, ""block3.conv1"": 0.4766966864479901, ""block4.conv1"": 0.4615175446590458, ""block5.conv1"": 0.4673584343140771, ""block6.conv1"": 0.47502307239288627, ""block7.conv1"": 0.462951764918038, ""block8.conv1"": 0.4303245022229051, ""block9.conv1"": 0.495008896031696}","[10, 9, 9, 18, 18, 17, 35, 37, 33]",ok,42,MNIST,ResNet20,99.35,99.5,0.15000000000000568,201.38119336448906,2.497941499314038,2.619218998006545,0.9536970758135117,
Adaptive-Correlation,0.1,99.35,91.62,8.378829182985164,7.414965771491933,272186,249380,40518272,37513856,4.522785902023315,"[""block1.conv1"", ""block2.conv1"", ""block3.conv1"", ""block4.conv1"", ""block5.conv1"", ""block6.conv1"", ""block7.conv1"", ""block8.conv1"", ""block9.conv1""]","[0.006704303358371059, 0.0030903839118157825, 0.005261001487572988, 0.0028945511439815164, 0.005198702274356037, 0.001159143605036661, 0.004658854576215769, 0.0015880909437934558, 0.0006301040145141693]","{""block1.conv1"": 0.08495112397827734, ""block2.conv1"": 0.09306314140896188, ""block3.conv1"": 0.08819084475977221, ""block4.conv1"": 0.09350271922735653, ""block5.conv1"": 0.08833068526009535, ""block6.conv1"": 0.09739811767589711, ""block7.conv1"": 0.08954245934692592, ""block8.conv1"": 0.09643527709787658, ""block9.conv1"": 0.09858563124483714}","[15, 15, 15, 30, 30, 29, 59, 58, 58]",ok,42,MNIST,ResNet20,99.35,99.44,0.09000000000000341,93.33046215908087,2.497941499314038,2.709553999011405,0.9219013535900836,
Adaptive-Correlation,0.2,99.35,75.66,17.28891272879575,15.46679976875618,272186,225128,40518272,34251392,4.6490418910980225,"[""block1.conv1"", ""block2.conv1"", ""block3.conv1"", ""block4.conv1"", ""block5.conv1"", ""block6.conv1"", ""block7.conv1"", ""block8.conv1"", ""block9.conv1""]","[0.0036744053359143436, 0.0026078727047812813, 0.0029834597759569683, 0.0011590987172288199, 0.01095149510850509, 0.0017869726871140301, 0.001468028446349005, 0.0036734545525784292, 0.0001320776621772287]","{""block1.conv1"": 0.18191021593983875, ""block2.conv1"": 0.18716095537289362, ""block3.conv1"": 0.18531187004010577, ""block4.conv1"": 0.19429354042839653, ""block5.conv1"": 0.1460837432080771, ""block6.conv1"": 0.19120239955147603, ""block7.conv1"": 0.19277262164599507, ""block8.conv1"": 0.18191489682386275, ""block9.conv1"": 0.19934975698935448}","[14, 14, 14, 26, 28, 26, 52, 53, 52]",ok,42,MNIST,ResNet20,99.35,99.54,0.19000000000001194,138.12320285605003,2.497941499314038,3.28593149970402,0.7601928097220042,
Adaptive-Correlation,0.3,99.35,36.46,26.94187063258213,25.611200793558027,272186,198854,40518272,30141056,4.450922012329102,"[""block1.conv1"", ""block2.conv1"", ""block3.conv1"", ""block4.conv1"", ""block5.conv1"", ""block6.conv1"", ""block7.conv1"", ""block8.conv1"", ""block9.conv1""]","[0.013649093802087009, 0.0034818414909144244, 0.001433302299119532, 0.005050900547454755, 0.0020490243138434985, 0.0011815149143027763, 0.0028815187458045934, 0.0010504388871292274, 0.0007440676902964091]","{""block1.conv1"": 0.20906869065607303, ""block2.conv1"": 0.2768037050453526, ""block3.conv1"": 0.2904512301963467, ""block4.conv1"": 0.26635051331570514, ""block5.conv1"": 0.28634924292872527, ""block6.conv1"": 0.29212865705776736, ""block7.conv1"": 0.2808031011981896, ""block8.conv1"": 0.293001895599997, ""block9.conv1"": 0.2950429640018432}","[13, 12, 12, 24, 23, 23, 47, 46, 46]",ok,42,MNIST,ResNet20,99.35,99.53,0.18000000000000682,234.09658839251625,2.497941499314038,2.6810410017787945,0.9317058178732534,
Adaptive-Correlation,0.4,99.35,33.79,36.329568750780716,35.300695942808225,272186,173302,40518272,26215040,4.443864345550537,"[""block1.conv1"", ""block2.conv1"", ""block3.conv1"", ""block4.conv1"", ""block5.conv1"", ""block6.conv1"", ""block7.conv1"", ""block8.conv1"", ""block9.conv1""]","[0.011079763760790229, 0.0009357651967244843, 0.0017217972393458088, 0.0029543261819829545, 0.002195724591729231, 0.00046824933572982747, 0.004395369304499279, 0.0020387160475365818, 0.00027745888534506474]","{""block1.conv1"": 0.2809869353552446, ""block2.conv1"": 0.389948496533455, ""block3.conv1"": 0.3815053487984469, ""block4.conv1"": 0.3682661633885817, ""block5.conv1"": 0.37641466745867586, ""block6.conv1"": 0.39497030896450247, ""block7.conv1"": 0.3527872270142485, ""block8.conv1"": 0.3781011716498488, ""block9.conv1"": 0.39701968083699657}","[12, 10, 10, 21, 20, 20, 42, 40, 39]",ok,42,MNIST,ResNet20,99.35,99.49,0.14000000000000057,180.84442579183687,2.497941499314038,2.5507225036562886,0.9793074298491535,
Adaptive-Correlation,0.5,99.35,25.13,46.24631685685524,43.579982877848295,272186,146310,40518272,22860416,4.608883380889893,"[""block1.conv1"", ""block2.conv1"", ""block3.conv1"", ""block4.conv1"", ""block5.conv1"", ""block6.conv1"", ""block7.conv1"", ""block8.conv1"", ""block9.conv1""]","[0.01358980817409853, 0.007294427099016805, 0.004641728980156283, 0.0035222520818933845, 0.005479727406054735, 0.001610335990941773, 0.0018468978742021136, 0.0009354938908169667, 0.00025111464007447165]","{""block1.conv1"": 0.37857503244125007, ""block2.conv1"": 0.43482427694999193, ""block3.conv1"": 0.4585261407952601, ""block4.conv1"": 0.46852866947799915, ""block5.conv1"": 0.4510386229160202, ""block6.conv1"": 0.485611644185569, ""block7.conv1"": 0.4834979632099044, ""block8.conv1"": 0.49164135991556085, ""block9.conv1"": 0.49775629010844424}","[10, 10, 9, 18, 18, 17, 34, 33, 33]",ok,42,MNIST,ResNet20,99.35,99.43,0.0800000000000125,160.66144300740416,2.497941499314038,2.6351095002610236,0.9479459958178594,
E-HRAP,0.1,99.35,99.27,7.742499614234384,6.86907872082995,272186,251112,40518272,37735040,4.3802618980407715,"[""block1.conv1"", ""block2.conv1"", ""block3.conv1"", ""block4.conv1"", ""block5.conv1"", ""block6.conv1"", ""block7.conv1"", ""block8.conv1"", ""block9.conv1""]","[0.004406627267599106, 0.0013527868237967293, 0.0021314564316223064, 0.0019675856844211617, 0.00258166440956605, 0.00296174882290264, 0.002944853544856111, 0.0024327116164689264, 6.647830862978783e-05]","{""block1.conv1"": 0.08520266730146446, ""block2.conv1"": 0.0954573791958534, ""block3.conv1"": 0.09284262815168103, ""block4.conv1"": 0.09339290159634522, ""block5.conv1"": 0.09133084219189455, ""block6.conv1"": 0.09005452922596187, ""block7.conv1"": 0.09011126310316701, ""block8.conv1"": 0.09183102155855906, ""block9.conv1"": 0.09977676767507344}","[15, 15, 15, 30, 30, 30, 59, 59, 58]",ok,42,MNIST,ResNet20,99.35,99.39,0.04000000000000625,1.54988706462946,2.497941499314038,2.799457000946859,0.8922950052346439,
E-HRAP,0.2,99.35,98.71,17.554172514383545,16.33112093230432,272186,224406,40518272,33901184,4.528294086456299,"[""block1.conv1"", ""block2.conv1"", ""block3.conv1"", ""block4.conv1"", ""block5.conv1"", ""block6.conv1"", ""block7.conv1"", ""block8.conv1"", ""block9.conv1""]","[0.004506328880476455, 0.005683199890578787, 0.0012155652317839365, 0.002892559083799521, 0.003995784597160916, 0.0013178155350033194, 0.002666346224335333, 0.001364497933536768, 0.00019184402723719055]","{""block1.conv1"": 0.173529932268645, ""block2.conv1"": 0.16661702018993685, ""block3.conv1"": 0.19285979899145778, ""block4.conv1"": 0.18300917733793454, ""block5.conv1"": 0.17652885714023347, ""block6.conv1"": 0.19225918316346197, ""block7.conv1"": 0.18433794624729283, ""block8.conv1"": 0.19198497187444663, ""block9.conv1"": 0.19887311278659106}","[14, 14, 13, 27, 27, 26, 53, 52, 52]",ok,42,MNIST,ResNet20,99.35,99.39,0.04000000000000625,3.8737228966094994,2.497941499314038,2.6964245007548016,0.9263902989365351,
E-HRAP,0.3,99.35,60.56,26.78315563621935,25.884144318889017,272186,199286,40518272,30030464,4.629176139831543,"[""block1.conv1"", ""block2.conv1"", ""block3.conv1"", ""block4.conv1"", ""block5.conv1"", ""block6.conv1"", ""block7.conv1"", ""block8.conv1"", ""block9.conv1""]","[0.005811224225908518, 0.008286409972546002, 0.002838658906208972, 0.0022532027408791087, 0.0031275898994257054, 0.004253277458095302, 0.00415818439796567, 0.004048040932199608, 0.00024838756750493]","{""block1.conv1"": 0.2651575183397421, ""block2.conv1"": 0.25031699410072683, ""block3.conv1"": 0.28298019194675783, ""block4.conv1"": 0.2864904240270217, ""block5.conv1"": 0.28124784219722454, ""block6.conv1"": 0.274498533171553, ""block7.conv1"": 0.2750686846705801, ""block8.conv1"": 0.275729074209301, ""block9.conv1"": 0.29851073733709294}","[12, 12, 12, 23, 24, 24, 47, 47, 45]",ok,42,MNIST,ResNet20,99.35,99.46,0.10999999999999943,145.24054046639228,2.497941499314038,2.6985770018654875,0.9256513701803755,
E-HRAP,0.4,99.35,26.46,36.434643956706076,34.117940666373926,272186,173016,40518272,26694272,4.4649364948272705,"[""block1.conv1"", ""block2.conv1"", ""block3.conv1"", ""block4.conv1"", ""block5.conv1"", ""block6.conv1"", ""block7.conv1"", ""block8.conv1"", ""block9.conv1""]","[0.005135582682366173, 0.0052074710838496685, 0.004833988088648766, 0.004519206238910556, 0.00808399081385384, 0.0022098509022422754, 0.0017472620820626616, 0.0019891520884508886, 0.00018968290714838076]","{""block1.conv1"": 0.3576024523089567, ""block2.conv1"": 0.3570089671839299, ""block3.conv1"": 0.3600923102201924, ""block4.conv1"": 0.36269103743616654, ""block5.conv1"": 0.3332614413470198, ""block6.conv1"": 0.3817562553632679, ""block7.conv1"": 0.38557522446140974, ""block8.conv1"": 0.3835782664303287, ""block9.conv1"": 0.3984340452487285}","[11, 11, 11, 21, 22, 20, 40, 40, 39]",ok,42,MNIST,ResNet20,99.35,99.48,0.13000000000000966,200.4136504991429,2.497941499314038,2.54108700028155,0.9830208485727835,
E-HRAP,0.5,99.35,16.46,45.45200708339151,44.12586992851028,272186,148472,40518272,22639232,4.3538360595703125,"[""block1.conv1"", ""block2.conv1"", ""block3.conv1"", ""block4.conv1"", ""block5.conv1"", ""block6.conv1"", ""block7.conv1"", ""block8.conv1"", ""block9.conv1""]","[0.009691327111795545, 0.004047861322760582, 0.0011973681005959709, 0.0013877049398918946, 0.005075667053461075, 0.0014289578975876793, 0.005016540177166462, 0.0014109014834199722, 6.0857676241236426e-05]","{""block1.conv1"": 0.38430115644256324, ""block2.conv1"": 0.45167505249572515, ""block3.conv1"": 0.48570535253289454, ""block4.conv1"": 0.4834330370967441, ""block5.conv1"": 0.43940470674513976, ""block6.conv1"": 0.48294054319537566, ""block7.conv1"": 0.4401105864591909, ""block8.conv1"": 0.4831561077113495, ""block9.conv1"": 0.4992734573210171}","[10, 9, 9, 17, 18, 17, 36, 34, 33]",ok,42,MNIST,ResNet20,99.35,99.47,0.12000000000000455,182.63219894272268,2.497941499314038,2.588769497378962,0.9649146058940805,
Uniform-Magnitude,0.1,99.32,99.37,18.842716270682036,18.563089115812264,9227210,7488553,151589888,123450122,2.296802520751953,"[""features.conv1"", ""features.conv2"", ""features.conv3"", ""features.conv4"", ""features.conv5"", ""features.conv6"", ""features.conv7"", ""features.conv8""]","[NaN, NaN, NaN, NaN, NaN, NaN, NaN, NaN]","{""features.conv1"": 0.1, ""features.conv2"": 0.1, ""features.conv3"": 0.1, ""features.conv4"": 0.1, ""features.conv5"": 0.1, ""features.conv6"": 0.1, ""features.conv7"": 0.1, ""features.conv8"": 0.1}","[58, 116, 231, 231, 461, 461, 461, 461]",ok,42,MNIST,VGG11BN,99.32,99.37,0.05000000000001137,0.0,1.2205200000607874,1.3911069981986657,0.8773732010846254,
Uniform-Magnitude,0.2,99.32,99.3,35.83540420126994,35.61246248826307,9227210,5920602,151589888,97604996,2.2512922286987305,"[""features.conv1"", ""features.conv2"", ""features.conv3"", ""features.conv4"", ""features.conv5"", ""features.conv6"", ""features.conv7"", ""features.conv8""]","[NaN, NaN, NaN, NaN, NaN, NaN, NaN, NaN]","{""features.conv1"": 0.2, ""features.conv2"": 0.2, ""features.conv3"": 0.2, ""features.conv4"": 0.2, ""features.conv5"": 0.2, ""features.conv6"": 0.2, ""features.conv7"": 0.2, ""features.conv8"": 0.2}","[52, 103, 205, 205, 410, 410, 410, 410]",ok,42,MNIST,VGG11BN,99.32,99.51,0.19000000000001194,0.5860126449824332,1.2205200000607874,1.400387001922354,0.8715590750166505,
Uniform-Magnitude,0.3,99.32,97.03,50.76427219061883,50.5991547404534,9227210,4543084,151589888,74886686,2.176159143447876,"[""features.conv1"", ""features.conv2"", ""features.conv3"", ""features.conv4"", ""features.conv5"", ""features.conv6"", ""features.conv7"", ""features.conv8""]","[NaN, NaN, NaN, NaN, NaN, NaN, NaN, NaN]","{""features.conv1"": 0.3, ""features.conv2"": 0.3, ""features.conv3"": 0.3, ""features.conv4"": 0.3, ""features.conv5"": 0.3, ""features.conv6"": 0.3, ""features.conv7"": 0.3, ""features.conv8"": 0.3}","[45, 90, 180, 180, 359, 359, 359, 359]",ok,42,MNIST,VGG11BN,99.32,99.38,0.060000000000002274,4.629240011904024,1.2205200000607874,1.33933349934523,0.9112890856963349,
Uniform-Magnitude,0.4,99.32,84.78,63.77927889362007,63.656631239149675,9227210,3342162,151589888,55092872,2.3878555297851562,"[""features.conv1"", ""features.conv2"", ""features.conv3"", ""features.conv4"", ""features.conv5"", ""features.conv6"", ""features.conv7"", ""features.conv8""]","[NaN, NaN, NaN, NaN, NaN, NaN, NaN, NaN]","{""features.conv1"": 0.4, ""features.conv2"": 0.4, ""features.conv3"": 0.4, ""features.conv4"": 0.4, ""features.conv5"": 0.4, ""features.conv6"": 0.4, ""features.conv7"": 0.4, ""features.conv8"": 0.4}","[39, 77, 154, 154, 308, 308, 308, 308]",ok,42,MNIST,VGG11BN,99.32,99.42,0.10000000000000853,22.954163568419496,1.2205200000607874,1.2440599966794252,0.9810780857181571,
Uniform-Magnitude,0.5,99.32,44.71,74.96957368478662,74.90188263744875,9227210,2309610,151589888,38046208,2.2933075428009033,"[""features.conv1"", ""features.conv2"", ""features.conv3"", ""features.conv4"", ""features.conv5"", ""features.conv6"", ""features.conv7"", ""features.conv8""]","[NaN, NaN, NaN, NaN, NaN, NaN, NaN, NaN]","{""features.conv1"": 0.5, ""features.conv2"": 0.5, ""features.conv3"": 0.5, ""features.conv4"": 0.5, ""features.conv5"": 0.5, ""features.conv6"": 0.5, ""features.conv7"": 0.5, ""features.conv8"": 0.5}","[32, 64, 128, 128, 256, 256, 256, 256]",ok,42,MNIST,VGG11BN,99.32,99.54,0.22000000000001307,73.13633692321037,1.2205200000607874,1.2291089988138992,0.9930120121474985,
Adaptive-Magnitude,0.1,99.32,99.32,18.08073079511575,17.21978447533387,9227210,7558863,151589888,125486436,3.6070573329925537,"[""features.conv1"", ""features.conv2"", ""features.conv3"", ""features.conv4"", ""features.conv5"", ""features.conv6"", ""features.conv7"", ""features.conv8""]","[0.014323756176357469, 0.003243641675605128, 0.0034423254801367875, 0.0003312311697906504, 0.0012115296049159952, 0.002057175423639516, 0.0013129618600942194, 0.0007511720177717507]","{""features.conv1"": 0.06241018602053825, ""features.conv2"": 0.09148771553349405, ""features.conv3"": 0.0909663098937217, ""features.conv4"": 0.0991307504886755, ""features.conv5"": 0.09682058449482878, ""features.conv6"": 0.09460135731538301, ""features.conv7"": 0.09655439596461908, ""features.conv8"": 0.09802870028873967}","[61, 117, 233, 231, 463, 464, 463, 462]",ok,42,MNIST,VGG11BN,99.32,99.45,0.13000000000000966,0.7189974867339285,1.2205200000607874,1.4297800007625483,0.8536418186083483,
Adaptive-Magnitude,0.2,99.32,99.36,33.93993417295152,33.410814315002334,9227210,6095501,151589888,100942472,3.358258008956909,"[""features.conv1"", ""features.conv2"", ""features.conv3"", ""features.conv4"", ""features.conv5"", ""features.conv6"", ""features.conv7"", ""features.conv8""]","[0.012462914669110129, 0.002364994492381811, 0.0006882838594416777, 0.002078178290200109, 0.0018079467893888552, 0.0016449188842670992, 0.0027255573853229484, 0.002048132271738723]","{""features.conv1"": 0.1324265903436874, ""features.conv2"": 0.1871770973394581, ""features.conv3"": 0.19626815328286273, ""features.conv4"": 0.188732202966084, ""features.conv5"": 0.1901973870254452, ""features.conv6"": 0.19108131760755112, ""features.conv7"": 0.18522214019512612, ""features.conv8"": 0.1888951112397854}","[56, 105, 206, 208, 415, 415, 418, 416]",ok,42,MNIST,VGG11BN,99.32,99.58,0.2600000000000051,0.6482039678654657,1.2205200000607874,1.39278650021879,0.8763152140468466,
Adaptive-Magnitude,0.3,99.32,99.18,49.58611541300133,48.10855721458149,9227210,4651795,151589888,78662180,3.3903894424438477,"[""features.conv1"", ""features.conv2"", ""features.conv3"", ""features.conv4"", ""features.conv5"", ""features.conv6"", ""features.conv7"", ""features.conv8""]","[0.03422285616397858, 0.002009958184013764, 0.0014579663693439215, 0.00328945469421645, 0.0016768235558023055, 0.002167538341988499, 0.001369128847727552, 0.0011530332073258858]","{""features.conv1"": 0.14820925674926524, ""features.conv2"": 0.2910851085837928, ""features.conv3"": 0.2935333919011054, ""features.conv4"": 0.2854100788510375, ""features.conv5"": 0.292562681132866, ""features.conv6"": 0.2903861835967623, ""features.conv7"": 0.29392741843618153, ""features.conv8"": 0.29488588074898925}","[55, 91, 181, 183, 363, 364, 362, 362]",ok,42,MNIST,VGG11BN,99.32,99.32,0.0,0.28233709947619484,1.2205200000607874,1.4043440023669973,0.8691032952066035,
Adaptive-Magnitude,0.4,99.32,97.79,62.20457754835969,60.350460843404015,9227210,3487463,151589888,60104692,3.721050262451172,"[""features.conv1"", ""features.conv2"", ""features.conv3"", ""features.conv4"", ""features.conv5"", ""features.conv6"", ""features.conv7"", ""features.conv8""]","[0.034252675560613476, 0.0013253023886742692, 0.007771862825999658, 0.0034160896320827305, 0.0004901520781762277, 0.0037070633843541145, 0.0012083233353526641, 0.003120084300462622]","{""features.conv1"": 0.2265422374869549, ""features.conv2"": 0.3932885830601516, ""features.conv3"": 0.36064278441634046, ""features.conv4"": 0.3827007013488184, ""features.conv5"": 0.39751783820154096, ""features.conv6"": 0.3812271914640299, ""features.conv7"": 0.39388097254558474, ""features.conv8"": 0.3841996914765793}","[50, 78, 164, 159, 309, 317, 311, 316]",ok,42,MNIST,VGG11BN,99.32,99.36,0.04000000000000625,2.5239300094585944,1.2205200000607874,1.1676925023493823,1.0452409325272851,
Adaptive-Magnitude,0.5,99.32,82.55,71.54525582489181,71.07431334733884,9227210,2625579,151589888,43848416,3.7197158336639404,"[""features.conv1"", ""features.conv2"", ""features.conv3"", ""features.conv4"", ""features.conv5"", ""features.conv6"", ""features.conv7"", ""features.conv8""]","[0.016835690786441166, 0.006400684826076031, 0.003042217227630317, 0.0017322453786619008, 0.0015593565185554326, 0.004906808491796255, 0.005912206155092766, 0.003805538658828785]","{""features.conv1"": 0.36666986381480915, ""features.conv2"": 0.4493098210008406, ""features.conv3"": 0.4759071818073806, ""features.conv4"": 0.4862814947617614, ""features.conv5"": 0.48765068688789986, ""features.conv6"": 0.46114056424861793, ""features.conv7"": 0.45317832444105655, ""features.conv8"": 0.46986206303763395}","[41, 71, 135, 132, 263, 276, 280, 272]",ok,42,MNIST,VGG11BN,99.32,99.46,0.14000000000000057,23.635389663554353,1.2205200000607874,1.3364139958866872,0.9132798697240475,
Adaptive-Correlation,0.1,99.32,99.14,18.125760657880335,17.42943830131994,9227210,7554708,151589888,125168622,4.8543407917022705,"[""features.conv1"", ""features.conv2"", ""features.conv3"", ""features.conv4"", ""features.conv5"", ""features.conv6"", ""features.conv7"", ""features.conv8""]","[0.03188075792665283, 0.011072545778006315, 0.0008378819135638574, 0.0035981173277832568, 0.002253081377906104, 0.0005646995462787648, 0.002719463581646172, 0.005514846823643893]","{""features.conv1"": 0.06181382934934568, ""features.conv2"": 0.08673751346850357, ""features.conv3"": 0.09899640084435705, ""features.conv4"": 0.09569024291656064, ""features.conv5"": 0.09730130161320269, ""features.conv6"": 0.09932361353233324, ""features.conv7"": 0.09674267780440178, ""features.conv8"": 0.09339442047129541}","[61, 117, 231, 232, 463, 462, 463, 465]",ok,42,MNIST,VGG11BN,99.32,99.42,0.10000000000000853,1.5447627566364708,1.2205200000607874,1.484811000409536,0.8220036083542938,
Adaptive-Correlation,0.2,99.32,97.4,34.8149874122297,33.678561725700334,9227210,6014758,151589888,100536594,4.77307653427124,"[""features.conv1"", ""features.conv2"", ""features.conv3"", ""features.conv4"", ""features.conv5"", ""features.conv6"", ""features.conv7"", ""features.conv8""]","[0.03549197626610597, 0.003435225934178258, 0.001178412096730123, 0.0027005655865650624, 0.0020836723463920257, 0.0030583946111922464, 0.002126964721052597, 0.000771171505524156]","{""features.conv1"": 0.10227669349391058, ""features.conv2"": 0.19054147804094088, ""features.conv3"": 0.196755370124903, ""features.conv4"": 0.19256428561269717, ""features.conv5"": 0.19426283422940338, ""features.conv6"": 0.19157904221040709, ""features.conv7"": 0.19414363337209944, ""features.conv8"": 0.19787666291563855}","[58, 104, 206, 207, 413, 414, 413, 411]",ok,42,MNIST,VGG11BN,99.32,99.43,0.11000000000001364,5.830822157031455,1.2205200000607874,1.395321000018157,0.8747234507650247,
Adaptive-Correlation,0.3,99.32,71.69,49.718777398585274,48.108028155545576,9227210,4639554,151589888,78662982,4.378777742385864,"[""features.conv1"", ""features.conv2"", ""features.conv3"", ""features.conv4"", ""features.conv5"", ""features.conv6"", ""features.conv7"", ""features.conv8""]","[0.05271377988780538, 0.0019350977575716872, 0.0023984605844210214, 0.004145764474136134, 0.0019435346669827898, 0.0026063882978633046, 0.0012463829237579678, 0.002958991681225598]","{""features.conv1"": 0.14174200220285516, ""features.conv2"": 0.29419042426274794, ""features.conv3"": 0.2927993103379473, ""features.conv4"": 0.2875535318011392, ""features.conv5"": 0.2941650948632277, ""features.conv6"": 0.29217506704357626, ""features.conv7"": 0.29625809292328664, ""features.conv8"": 0.29111647656521966}","[55, 91, 182, 183, 362, 363, 361, 363]",ok,42,MNIST,VGG11BN,99.32,99.46,0.14000000000000057,55.85414898152781,1.2205200000607874,1.3559250000980683,0.9001382819643509,
Adaptive-Correlation,0.4,99.32,35.65,61.978983896540775,60.39636232200396,9227210,3508279,151589888,60035110,4.4091761112213135,"[""features.conv1"", ""features.conv2"", ""features.conv3"", ""features.conv4"", ""features.conv5"", ""features.conv6"", ""features.conv7"", ""features.conv8""]","[0.044709812849760056, 0.0021816358785144985, 0.006633640732616186, 0.0025393233712141714, 0.0011538715722660224, 0.00766423224316289, 0.0014749292968190275, 0.002385072730248794]","{""features.conv1"": 0.217889308694211, ""features.conv2"": 0.39111382507126913, ""features.conv3"": 0.37298005017935437, ""features.conv4"": 0.38965690292342076, ""features.conv5"": 0.39530008433697594, ""features.conv6"": 0.36878227522846807, ""features.conv7"": 0.3939923614806114, ""features.conv8"": 0.39028519208568946}","[51, 78, 161, 157, 310, 324, 311, 313]",ok,42,MNIST,VGG11BN,99.32,99.45,0.13000000000000966,102.93811867987218,1.2205200000607874,1.34800999876461,0.9054235511452724,
Adaptive-Correlation,0.5,99.32,20.77,73.36183960265346,71.4590276628478,9227210,2457959,151589888,43265228,4.328430414199829,"[""features.conv1"", ""features.conv2"", ""features.conv3"", ""features.conv4"", ""features.conv5"", ""features.conv6"", ""features.conv7"", ""features.conv8""]","[0.046373008439938225, 0.003065295012978216, 0.005310810248677929, 0.004926142243978878, 0.002363608112015451, 0.0028548288391903043, 0.0010103201372354913, 0.0038881690707057714]","{""features.conv1"": 0.26744454085666636, ""features.conv2"": 0.48462788779217986, ""features.conv3"": 0.47336687962774615, ""features.conv4"": 0.4752959467178488, ""features.conv5"": 0.4881467692475336, ""features.conv6"": 0.48568335215228886, ""features.conv7"": 0.494933357327876, ""features.conv8"": 0.4805012662778604}","[47, 66, 135, 135, 263, 264, 259, 266]",ok,42,MNIST,VGG11BN,99.32,99.52,0.20000000000000284,107.3446364302343,1.2205200000607874,1.3125460027367808,0.9298874077677197,
E-HRAP,0.1,99.32,99.35,17.61285372284797,17.15383548538541,9227210,7602035,151589888,125586408,4.504265308380127,"[""features.conv1"", ""features.conv2"", ""features.conv3"", ""features.conv4"", ""features.conv5"", ""features.conv6"", ""features.conv7"", ""features.conv8""]","[0.013835878809913993, 0.002867127773545993, 0.0034929042837272086, 0.008413636203234395, 0.0016071170490855973, 0.0024232782307080925, 0.005821157208022972, 0.001260759512661025]","{""features.conv1"": 0.07561766897754485, ""features.conv2"": 0.09494739297599357, ""features.conv3"": 0.09384461589714388, ""features.conv4"": 0.08517303701281487, ""features.conv5"": 0.0971678517554983, ""features.conv6"": 0.09572956855199562, ""features.conv7"": 0.08974164316342048, ""features.conv8"": 0.09777822166558849}","[60, 116, 232, 235, 463, 463, 467, 462]",ok,42,MNIST,VGG11BN,99.32,99.46,0.14000000000000057,0.6245438798898548,1.2205200000607874,1.3401540018094238,0.9107311535934592,
E-HRAP,0.2,99.32,99.29,34.288902062486926,33.137953106740206,9227210,6063301,151589888,101356102,4.349225997924805,"[""features.conv1"", ""features.conv2"", ""features.conv3"", ""features.conv4"", ""features.conv5"", ""features.conv6"", ""features.conv7"", ""features.conv8""]","[0.01646685599310634, 0.006149937321121494, 0.0013190611692455907, 0.0022838089595704028, 0.0032042531141390405, 0.0025119122001342475, 0.0007256505923578516, 0.0024913824551428356]","{""features.conv1"": 0.1344189997436018, ""features.conv2"": 0.1755072224350449, ""features.conv3"": 0.19474669901074532, ""features.conv4"": 0.19090448862698184, ""features.conv5"": 0.18723872217089355, ""features.conv6"": 0.189996043281728, ""features.conv7"": 0.19711001956272658, ""features.conv8"": 0.1900778051682781}","[56, 106, 207, 208, 417, 415, 412, 415]",ok,42,MNIST,VGG11BN,99.32,99.37,0.05000000000001137,0.23331164075831015,1.2205200000607874,1.3637435004056897,0.8949776843649148,
E-HRAP,0.3,99.32,98.0,48.03269894150019,47.05663216797152,9227210,4795132,151589888,80256792,4.427924156188965,"[""features.conv1"", ""features.conv2"", ""features.conv3"", ""features.conv4"", ""features.conv5"", ""features.conv6"", ""features.conv7"", ""features.conv8""]","[0.010762044539054235, 0.008025685790926218, 0.0013518033859630425, 0.007629640769058217, 0.005212234255547325, 0.003084437999253472, 0.0019174187909811735, 0.005052519574140509]","{""features.conv1"": 0.24748488153077064, ""features.conv2"": 0.2608373819140188, ""features.conv3"": 0.29340365906279803, ""features.conv4"": 0.2627699469732946, ""features.conv5"": 0.27456606888903495, ""features.conv6"": 0.28494899121129047, ""features.conv7"": 0.2906436481843113, ""features.conv8"": 0.2753454222344813}","[49, 95, 181, 189, 372, 367, 364, 372]",ok,42,MNIST,VGG11BN,99.32,99.35,0.030000000000001137,2.8105853507090686,1.2205200000607874,1.3707345024158712,0.8904131309963118,
E-HRAP,0.4,99.32,89.65,61.9718528135807,59.90979424696191,9227210,3508937,151589888,60772698,4.470160007476807,"[""features.conv1"", ""features.conv2"", ""features.conv3"", ""features.conv4"", ""features.conv5"", ""features.conv6"", ""features.conv7"", ""features.conv8""]","[0.01671549623521666, 0.006848096187847356, 0.0038823396316729486, 0.003663006743105749, 0.0021053701251124344, 0.000570817559491843, 0.001953909134802719, 0.0018984727406253417]","{""features.conv1"": 0.2756469503411913, ""features.conv2"": 0.3490543604968457, ""features.conv3"": 0.3711177720232648, ""features.conv4"": 0.3727494743191466, ""features.conv5"": 0.3843373363234834, ""features.conv6"": 0.39575346712279713, ""features.conv7"": 0.38546411328447333, ""features.conv8"": 0.385876526088798}","[47, 84, 161, 161, 316, 310, 315, 315]",ok,42,MNIST,VGG11BN,99.32,99.41,0.09000000000000341,15.749085361961543,1.2205200000607874,1.3341304984351154,0.9148430393371647,
E-HRAP,0.5,99.32,54.86,72.62931048496783,71.10008551493883,9227210,2525551,151589888,43809348,4.324820518493652,"[""features.conv1"", ""features.conv2"", ""features.conv3"", ""features.conv4"", ""features.conv5"", ""features.conv6"", ""features.conv7"", ""features.conv8""]","[0.02554625365883112, 0.004063055074463288, 0.0006935919179037834, 0.005493427122322221, 0.0010761514422483742, 0.004523480078205466, 0.0016835514106787741, 0.001880556500206391]","{""features.conv1"": 0.3011304400447048, ""features.conv2"": 0.4683703925623036, ""features.conv3"": 0.49460060479535745, ""features.conv4"": 0.4572353954888002, ""features.conv5"": 0.4916224990707705, ""features.conv6"": 0.46478612854028845, ""features.conv7"": 0.4868940811175237, ""features.conv8"": 0.4853604583802513}","[45, 69, 130, 139, 261, 275, 263, 264]",ok,42,MNIST,VGG11BN,99.32,99.4,0.0800000000000125,61.32510373923831,1.2205200000607874,1.2648005031223875,0.9649901285204381,
Uniform-Magnitude,0.1,99.35,99.18,10.993705381441915,17.489808320461854,2472906,2201042,40440832,33367808,2.5107250213623047,"[""conv1"", ""conv2"", ""conv3""]","[NaN, NaN, NaN]","{""conv1"": 0.1, ""conv2"": 0.1, ""conv3"": 0.1}","[58, 116, 231]",ok,42,MNIST,SimpleCNN,99.35,99.46,0.10999999999999943,2.546911985404348,0.709609503246611,0.7296910043805838,0.9724794453906973,
Uniform-Magnitude,0.2,99.35,98.28,22.17945202931288,34.06125769123642,2472906,1924429,40440832,26666176,2.206632614135742,"[""conv1"", ""conv2"", ""conv3""]","[NaN, NaN, NaN]","{""conv1"": 0.2, ""conv2"": 0.2, ""conv3"": 0.2}","[52, 103, 205]",ok,42,MNIST,SimpleCNN,99.35,99.48,0.13000000000000966,5.410413198730316,0.709609503246611,0.7254974989336915,0.9781005507111573,
Uniform-Magnitude,0.3,99.35,95.64,32.73149080474551,49.16820702402958,2472906,1663487,40440832,20556800,2.117248296737671,"[""conv1"", ""conv2"", ""conv3""]","[NaN, NaN, NaN]","{""conv1"": 0.3, ""conv2"": 0.3, ""conv3"": 0.3}","[45, 90, 180]",ok,42,MNIST,SimpleCNN,99.35,99.5,0.15000000000000568,11.792924505107983,0.709609503246611,0.6688169996778015,1.0609920256041054,
Uniform-Magnitude,0.4,99.35,85.24,43.31163416644223,61.980920669485734,2472906,1401850,40440832,15375232,2.1911630630493164,"[""conv1"", ""conv2"", ""conv3""]","[NaN, NaN, NaN]","{""conv1"": 0.4, ""conv2"": 0.4, ""conv3"": 0.4}","[39, 77, 154]",ok,42,MNIST,SimpleCNN,99.35,99.48,0.13000000000000966,32.878002121270995,0.709609503246611,0.8195855007215869,0.8658151011967027,
Uniform-Magnitude,0.5,99.35,69.19,53.612713139925255,73.32945078874738,2472906,1147114,40440832,10785792,2.3974573612213135,"[""conv1"", ""conv2"", ""conv3""]","[NaN, NaN, NaN]","{""conv1"": 0.5, ""conv2"": 0.5, ""conv3"": 0.5}","[32, 64, 128]",ok,42,MNIST,SimpleCNN,99.35,99.47,0.12000000000000455,56.4791412830972,0.709609503246611,0.6944189990463201,1.0218751275831346,
Adaptive-Magnitude,0.1,99.35,99.33,10.449487364258893,14.569670574532196,2472906,2214500,40440832,34548736,2.8981423377990723,"[""conv1"", ""conv2"", ""conv3""]","[0.11347020665804546, 0.00622553238645196, 0.01134581413740913]","{""conv1"": 0.039386291804423657, ""conv2"": 0.09667443450974139, ""conv3"": 0.09393927368583496}","[62, 116, 232]",ok,42,MNIST,SimpleCNN,99.35,99.46,0.10999999999999943,1.2440801684170986,0.709609503246611,0.5609500003629364,1.265013820817348,
Adaptive-Magnitude,0.2,99.35,99.04,21.50716606292354,29.0174841111083,2472906,1941054,40440832,28705920,2.971933603286743,"[""conv1"", ""conv2"", ""conv3""]","[0.10351555546124776, 0.0013091824754762154, 0.0006968105274912281]","{""conv1"": 0.06266143763527772, ""conv2"": 0.19826305101437336, ""conv3"": 0.19907551135034895}","[60, 103, 206]",ok,42,MNIST,SimpleCNN,99.35,99.5,0.15000000000000568,2.138822003113619,0.709609503246611,0.7472450015484355,0.9496343257916259,
Adaptive-Magnitude,0.3,99.35,98.36,30.282388412661057,40.78744967462588,2472906,1724051,40440832,23946048,3.100555181503296,"[""conv1"", ""conv2"", ""conv3""]","[0.03222353911648194, 0.004991369526275473, 0.0040381385454869205]","{""conv1"": 0.1359650092371953, ""conv2"": 0.27459126847685217, ""conv3"": 0.2794437222859526}","[56, 93, 185]",ok,42,MNIST,SimpleCNN,99.35,99.49,0.14000000000000057,3.731541860573794,0.709609503246611,0.6789210019633174,1.0452018735531055,
Adaptive-Magnitude,0.4,99.35,96.23,42.55155675144951,52.466576355303474,2472906,1420646,40440832,19222912,3.0027828216552734,"[""conv1"", ""conv2"", ""conv3""]","[0.1126898763080438, 0.012631586908052364, 0.0006231299970143785]","{""conv1"": 0.1494678845572892, ""conv2"": 0.37191745795494396, ""conv3"": 0.3986146574877669}","[55, 81, 154]",ok,42,MNIST,SimpleCNN,99.35,99.49,0.14000000000000057,7.661294318894549,0.709609503246611,0.6917819955560844,1.0257704129408514,
Adaptive-Magnitude,0.5,99.35,94.9,50.696791548081485,62.89310763932849,2472906,1219222,40440832,15006336,2.6024014949798584,"[""conv1"", ""conv2"", ""conv3""]","[0.06202505901455879, 0.008062712537745634, 0.005028881423640996]","{""conv1"": 0.21099922859918474, ""conv2"": 0.46243243972658576, ""conv3"": 0.4765683316742296}","[51, 69, 134]",ok,42,MNIST,SimpleCNN,99.35,99.44,0.09000000000000341,8.955201821192565,0.709609503246611,0.6993255010456778,1.0147056015911844,
Adaptive-Correlation,0.1,99.35,98.31,9.904420143749904,13.709075025953966,2472906,2227979,40440832,34896768,3.4764904975891113,"[""conv1"", ""conv2"", ""conv3""]","[0.020304455965136487, 0.010422509318838516, 0.003873262282771369]","{""conv1"": 0.058921891053527346, ""conv2"": 0.0789141371711706, ""conv3"": 0.09216397177530208}","[61, 118, 233]",ok,42,MNIST,SimpleCNN,99.35,99.42,0.07000000000000739,11.207117467653621,0.709609503246611,0.7103520001692232,0.9989547478962045,
Adaptive-Correlation,0.2,99.35,85.24,19.016007887076984,27.337756058035602,2472906,2002658,40440832,29385216,3.263471841812134,"[""conv1"", ""conv2"", ""conv3""]","[0.014979499392211437, 0.005864132098698367, 0.005203643755521625]","{""conv1"": 0.1194875511903336, ""conv2"": 0.16848121402140714, ""conv3"": 0.17203123478825924}","[57, 107, 212]",ok,42,MNIST,SimpleCNN,99.35,99.51,0.1600000000000108,75.04203871148847,0.709609503246611,0.7561304992123041,0.9384749113887666,
Adaptive-Correlation,0.3,99.35,61.06,27.794586611864744,40.82369027422581,2472906,1785572,40440832,23931392,3.2754790782928467,"[""conv1"", ""conv2"", ""conv3""]","[0.00866252874645094, 0.001682506166010474, 0.003138165494116644]","{""conv1"": 0.16508165851579296, ""conv2"": 0.2737950720742961, ""conv3"": 0.2511232694099109}","[54, 93, 192]",ok,42,MNIST,SimpleCNN,99.35,99.43,0.0800000000000125,138.04846438558258,0.709609503246611,0.6845945026725531,1.0365398794124159,
Adaptive-Correlation,0.4,99.35,53.09,40.085591607606595,52.48572531841086,2472906,1481627,40440832,19215168,3.2401373386383057,"[""conv1"", ""conv2"", ""conv3""]","[0.05019818370540937, 0.0066137380587557955, 0.00578185612296996]","{""conv1"": 0.1754490635976864, ""conv2"": 0.3704148444308515, ""conv3"": 0.3741360919714622}","[53, 81, 161]",ok,42,MNIST,SimpleCNN,99.35,99.47,0.12000000000000455,115.70242109436396,0.709609503246611,0.7129059995349962,0.9953759734235152,
Adaptive-Correlation,0.5,99.35,47.29,50.5632239963832,63.91971362013521,2472906,1222525,40440832,14591168,3.0623843669891357,"[""conv1"", ""conv2"", ""conv3""]","[0.09084286975363891, 0.0009362849135262271, 0.00661418695623676]","{""conv1"": 0.17685817059178438, ""conv2"": 0.4966694929318648, ""conv3"": 0.4764723364763508}","[53, 65, 135]",ok,42,MNIST,SimpleCNN,99.35,99.51,0.1600000000000108,103.27664233541618,0.709609503246611,0.6741570032318123,1.052587898434407,
E-HRAP,0.1,99.35,99.26,9.26363557692852,14.014667156204897,2472906,2243825,40440832,34773184,3.272329568862915,"[""conv1"", ""conv2"", ""conv3""]","[0.020506516409416992, 0.00642304727807641, 0.0073360165891547995]","{""conv1"": 0.05810792821630853, ""conv2"": 0.08687857302180996, ""conv3"": 0.08501349876188154}","[61, 117, 235]",ok,42,MNIST,SimpleCNN,99.35,99.49,0.14000000000000057,2.4828265111466017,0.709609503246611,0.7136770036595408,0.9943006424586014,
E-HRAP,0.2,99.35,98.58,18.15823165134461,27.020927759349757,2472906,2023870,40440832,29513344,3.2007699012756348,"[""conv1"", ""conv2"", ""conv3""]","[0.008929393952712417, 0.008136311390747627, 0.005191019270569086]","{""conv1"": 0.14383202492464905, ""conv2"": 0.14882069961063965, ""conv3"": 0.16734727546471137}","[55, 109, 214]",ok,42,MNIST,SimpleCNN,99.35,99.48,0.13000000000000966,4.956429774004788,0.709609503246611,0.7045089987514075,1.0072398003492404,
E-HRAP,0.3,99.35,97.06,31.34369037884982,40.692970906236546,2472906,1697806,40440832,23984256,3.494710683822632,"[""conv1"", ""conv2"", ""conv3""]","[0.047962015494704247, 0.005610475074111794, 0.002098430588375777]","{""conv1"": 0.11907927793311282, ""conv2"": 0.2788363522450666, ""conv3"": 0.29208436982182057}","[57, 93, 182]",ok,42,MNIST,SimpleCNN,99.35,99.46,0.10999999999999943,7.657043478260843,0.709609503246611,0.7121734997781459,0.9963997585808323,
E-HRAP,0.4,99.35,92.27,39.593215431561084,50.35496796900716,2472906,1493803,40440832,20076864,3.3513715267181396,"[""conv1"", ""conv2"", ""conv3""]","[0.019613655904928844, 0.011842676748832067, 0.0033525961819880954]","{""conv1"": 0.24222945557175735, ""conv2"": 0.30473853690471864, ""conv3"": 0.37303200752352406}","[49, 89, 161]",ok,42,MNIST,SimpleCNN,99.35,99.53,0.18000000000000682,18.33647487547277,0.709609503246611,0.7442729984177276,0.9534263701023565,
E-HRAP,0.5,99.35,85.44,48.940032496180606,62.71633580634543,2472906,1262665,40440832,15077824,3.430398464202881,"[""conv1"", ""conv2"", ""conv3""]","[0.037519535049796104, 0.0047488170966971666, 0.0054218942144264775]","{""conv1"": 0.22464312371030964, ""conv2"": 0.4651483036748155, ""conv3"": 0.46020857261487486}","[50, 69, 139]",ok,42,MNIST,SimpleCNN,99.35,99.52,0.1700000000000017,28.76990325067486,0.709609503246611,0.7070314968586899,1.0036462398059705,
